Título,Imagen,Imagen1,Imagen2,Imagen3,Imagen4,Imagen5,Imagen6,Info,Info7,Imagen8,Precio,Localización,Palabras_clave,gotoposting_URL,gotoposting,Descripción,publisherlogo_URL,Imagen9,Título1,Imagen7,Image1,Image2,Image3,Image4,Image5,Image6,Info1,Inf1,Image7,Precio1,Localización1,Palabras_clave1,gotoposting_URL1,gotoposting1,Descripción1
"
	
		Costera Miguel Alemán 3124, Lomas de Costazul, Acapulco
	
",https://img10.naventcdn.com/avisos/18/00/55/68/49/03/360x266/137223801.jpg,https://img10.naventcdn.com/avisos/18/00/55/68/49/03/360x266/137223802.jpg,https://img10.naventcdn.com/avisos/18/00/55/68/49/03/360x266/137223803.jpg,https://img10.naventcdn.com/avisos/18/00/55/68/49/03/360x266/137223800.jpg,"data:image/png;base64,iVBORw0KGgoAAAANSUhEUgAAAAEAAAABAQMAAAAl21bKAAAAA1BMVEX///+nxBvIAAAACklEQVQI12NgAAAAAgAB4iG8MwAAAABJRU5ErkJggg==",https://img10.naventcdn.com/avisos/18/00/55/68/49/03/360x266/137223805.jpg,https://img10.naventcdn.com/avisos/18/00/55/68/49/03/360x266/137223798.jpg,+ 3,Ver más fotos,https://img10.naventcdn.com/avisos/18/00/55/68/49/03/360x266/137223799.jpg,"
							MN 13,500
						"," Lomas de Costa Azul, Acapulco de Juárez","
	
		

			

			 
				
					
					51 m²
				
			

			

			

			

			

		

			 
				
			

			

			

			

			

			

		

			

			

			

			

			

			

		
	
",https://www.inmuebles24.com/propiedades/cad-pabellon-costera-oficina-26.-ubicada-en-el-segundo-55684903.html,"
								Cad Pabellón Costera Oficina 26. Ubicada en El Segundo Nivel de La Plaza Comercial
								","
							Cad Pabellón Costera Oficina 26, 51 m², dos niveles. Ubicado en el segundo nivel de la plaza comercial. Renta mensual incluyendo mantenimiento e iva $13, 500Pabellón Costera, es una de las plazas de bienes de consumo más importantes en esta zona de Acapulco Dorado, rodeada de condominios y fraccionamientos para clientes locales y turismo. Pabellón Costera cuenta con locatarios tales como Tacos´ Tumbras, Helados Santa Clara, gnc, Dormimundo, Ruben´s Hamburguesas, varios médicos de prestigio y muchos más. Casas Acapulco DiamanteSomos una inmobiliaria que te ayudará a encontrar el mejor inmueble de acuerdo a tus sueños, necesidades y presupuesto. Permite que seamos parte en el proceso de la compra o renta que tienes en mente, dándote la seguridad de que será la mejor oportunidad para operar siempre con transparencia y confiabilidad. Con una atención personalizada, nos ocupamos de que encuentres el inmueble de acuerdo a tus necesidades, acompañándote y asesorándote desde el principio hasta el cierre de la operación. Nuestro compromiso y seriedad, han permitido contar con la confianza de muchos propietarios y clientes que nos hacen día a día la inmobiliaria más confiable de Acapulco. ¡Permite que seamos parte de la realización de tus sueños! Casas Acapulco DiamanteSomos una inmobiliaria que te ayudará a encontrar el mejor inmueble de acuerdo a tus sueños, necesidades y presupuesto. Permite que seamos parte en el proceso de la compra o renta que tienes en mente, dándote la seguridad de que será la mejor oportunidad para operar siempre con transparencia y confiabilidad. Con una atención personalizada, nos ocupamos de que encuentres el inmueble de acuerdo a tus necesidades, acompañándote y asesorándote desde el principio hasta el cierre de la operación. Nuestro compromiso y seriedad, han permitido contar con la confianza de muchos propietarios y clientes que nos hacen día a día la inmobiliaria más confiable de Acapulco. ¡Permite que seamos parte de la realización de tus sueños! 
							
						",https://www.inmuebles24.com/inmobiliarias/casas-acapulco-diamante_50013826-inmuebles.html,https://img10.naventcdn.com/empresas/18/00/50/01/38/26/130x70/logo_casas-acapulco-diamante_2.jpg,,,,,,,,,,,,,,,,,
"
	
		CAD Torre Latina. Oficina Piso 6. Vista a la Bahía de Santa Lucía
	
",https://img10.naventcdn.com/avisos/18/00/55/63/69/11/360x266/137218690.jpg,https://img10.naventcdn.com/avisos/18/00/55/63/69/11/360x266/137218691.jpg,https://img10.naventcdn.com/avisos/18/00/55/63/69/11/360x266/137218686.jpg,https://img10.naventcdn.com/avisos/18/00/55/63/69/11/360x266/137218684.jpg,"data:image/png;base64,iVBORw0KGgoAAAANSUhEUgAAAAEAAAABAQMAAAAl21bKAAAAA1BMVEX///+nxBvIAAAACklEQVQI12NgAAAAAgAB4iG8MwAAAABJRU5ErkJggg==",https://img10.naventcdn.com/avisos/18/00/55/63/69/11/360x266/137218694.jpg,https://img10.naventcdn.com/avisos/18/00/55/63/69/11/360x266/137218681.jpg,+ 9,Ver más fotos,https://img10.naventcdn.com/avisos/18/00/55/63/69/11/360x266/137218692.jpg,"
							MN 54,466
						"," Fraccionamiento Club Deportivo, Acapulco de Juárez","
	
		

			

			 
				
					
					236 m²
				
			

			

			

			

			

		

			 
				
			

			

			

			

			

			

		

			

			

			

			

			

			 
				
					
					5
					
						estac.
					
				
			

		

			

			

			

			

			

			

		
	
",https://www.inmuebles24.com/propiedades/cad-torre-latina.-oficina-piso-6.-vista-a-la-bahia-de-55636911.html,"
								Cad Torre Latina. Oficina Piso 6. Vista a La Bahía de Santa Lucía
								","
							Cad Torre Latina - Oficina piso 6. Vistas al campo de golf y a la bahía de Santa Lucía con 5 cajones de estacionamientoLas áreas privativas son: Superficie de oficina 236. 81 m² Superficie de áreas comunes 16. 50 m²Superficie total 253. 31 m²Precio de la renta mensual $54, 466 (Este importe considera todo el piso, existe la posibilidad de renta por módulos) Costo por metro cuadrado $230Se incluye renta y cuotas de mantenimiento (más el iva correspondiente) Torre Latina, Edificio comercial de 12 niveles, con varias opciones de espacios para las diferentes necesidades, ubicada en el corazón financiero de Acapulco, con vistas a la bahía de Santa Lucía, y al Campo de Golf de Acapulco, con una superficie total de construcción de 2, 956 m². Servicios: Vigilancia Elevador panorámico Estacionamientos con acceso por medio de elevadorCasas Acapulco DiamanteSomos una inmobiliaria que te ayudará a encontrar el mejor inmueble de acuerdo a tus sueños, necesidades y presupuesto. Permite que seamos parte en el proceso de la compra o renta que tienes en mente, dándote la seguridad de que será la mejor oportunidad para operar siempre con transparencia y confiabilidad. Con una atención personalizada, nos ocupamos de que encuentres el inmueble de acuerdo a tus necesidades, acompañándote y asesorándote desde el principio hasta el cierre de la operación. Nuestro compromiso y seriedad, han permitido contar con la confianza de muchos propietarios y clientes que nos hacen día a día la inmobiliaria más confiable de Acapulco. ¡Permite que seamos parte de la realización de tus sueños! Casas Acapulco DiamanteSomos una inmobiliaria que te ayudará a encontrar el mejor inmueble de acuerdo a tus sueños, necesidades y presupuesto. Permite que seamos parte en el proceso de la compra o renta que tienes en mente, dándote la seguridad de que será la mejor oportunidad para operar siempre con transparencia y confiabilidad. Con una atención personalizada, nos ocupamos de que encuentres el inmueble de acuerdo a tus necesidades, acompañándote y asesorándote desde el principio hasta el cierre de la operación. Nuestro compromiso y seriedad, han permitido contar con la confianza de muchos propietarios y clientes que nos hacen día a día la inmobiliaria más confiable de Acapulco. ¡Permite que seamos parte de la realización de tus sueños! 
							
						",https://www.inmuebles24.com/inmobiliarias/casas-acapulco-diamante_50013826-inmuebles.html,https://img10.naventcdn.com/empresas/18/00/50/01/38/26/130x70/logo_casas-acapulco-diamante_2.jpg,,,,,,,,,,,,,,,,,
"
	
		CAD Torre Latina. Oficina Piso 9. 5 Estacionamientos. Vista al mar
	
",https://img10.naventcdn.com/avisos/18/00/55/63/69/73/360x266/137219363.jpg,https://img10.naventcdn.com/avisos/18/00/55/63/69/73/360x266/137219361.jpg,https://img10.naventcdn.com/avisos/18/00/55/63/69/73/360x266/137219359.jpg,https://img10.naventcdn.com/avisos/18/00/55/63/69/73/360x266/137219355.jpg,"data:image/png;base64,iVBORw0KGgoAAAANSUhEUgAAAAEAAAABAQMAAAAl21bKAAAAA1BMVEX///+nxBvIAAAACklEQVQI12NgAAAAAgAB4iG8MwAAAABJRU5ErkJggg==",https://img10.naventcdn.com/avisos/18/00/55/63/69/73/360x266/137219368.jpg,https://img10.naventcdn.com/avisos/18/00/55/63/69/73/360x266/137219358.jpg,+ 13,Ver más fotos,https://img10.naventcdn.com/avisos/18/00/55/63/69/73/360x266/137219374.jpg,"
							MN 54,437
						"," Fraccionamiento Club Deportivo, Acapulco de Juárez","
	
		

			

			 
				
					
					237 m²
				
			

			

			

			

			

		

			 
				
			

			

			

			

			

			

		

			

			

			

			

			

			 
				
					
					5
					
						estac.
					
				
			

		

			

			

			

			

			

			

		

			

			

			

			

			

			

		
	
",https://www.inmuebles24.com/propiedades/cad-torre-latina.-oficina-piso-9.-5-estacionamientos.-55636973.html,"
								Cad Torre Latina. Oficina Piso 9. 5 Estacionamientos. Vista Al Mar
								","
							Cad Torre Latina - Oficina piso 9. Vistas al campo de golf y a la bahía de Santa Lucía con 5 cajones de estacionamientoSuperficie de oficina 237. 12 m² Superficie de áreas comunes 16. 50 m²Superficie total 253. 62 m²Precio de la renta mensual $54, 437 (Este importe considera todo el piso, existe la posibilidad de renta por módulos) Costo por metro cuadrado $230Se incluye renta y cuotas de mantenimiento (más el iva correspondiente) Torre Latina, Edificio comercial de 12 niveles, con varias opciones de espacios para las diferentes necesidades, ubicada en el corazón financiero de Acapulco, con vistas a la bahía de Santa Lucía, y al Campo de Golf de Acapulco, con una superficie total de construcción de 2, 956 m². Servicios: Vigilancia Elevador panorámico Estacionamientos con acceso por medio de elevadorCasas Acapulco DiamanteSomos una inmobiliaria que te ayudará a encontrar el mejor inmueble de acuerdo a tus sueños, necesidades y presupuesto. Permite que seamos parte en el proceso de la compra o renta que tienes en mente, dándote la seguridad de que será la mejor oportunidad para operar siempre con transparencia y confiabilidad. Con una atención personalizada, nos ocupamos de que encuentres el inmueble de acuerdo a tus necesidades, acompañándote y asesorándote desde el principio hasta el cierre de la operación. Nuestro compromiso y seriedad, han permitido contar con la confianza de muchos propietarios y clientes que nos hacen día a día la inmobiliaria más confiable de Acapulco. ¡Permite que seamos parte de la realización de tus sueños! Casas Acapulco DiamanteSomos una inmobiliaria que te ayudará a encontrar el mejor inmueble de acuerdo a tus sueños, necesidades y presupuesto. Permite que seamos parte en el proceso de la compra o renta que tienes en mente, dándote la seguridad de que será la mejor oportunidad para operar siempre con transparencia y confiabilidad. Con una atención personalizada, nos ocupamos de que encuentres el inmueble de acuerdo a tus necesidades, acompañándote y asesorándote desde el principio hasta el cierre de la operación. Nuestro compromiso y seriedad, han permitido contar con la confianza de muchos propietarios y clientes que nos hacen día a día la inmobiliaria más confiable de Acapulco. ¡Permite que seamos parte de la realización de tus sueños! 
							
						",https://www.inmuebles24.com/inmobiliarias/casas-acapulco-diamante_50013826-inmuebles.html,https://img10.naventcdn.com/empresas/18/00/50/01/38/26/130x70/logo_casas-acapulco-diamante_2.jpg,,,,,,,,,,,,,,,,,
"
	
		Av. Costera Miguel Alemán 2611
	
",https://img10.naventcdn.com/avisos/18/00/55/63/70/36/360x266/137219843.jpg,https://img10.naventcdn.com/avisos/18/00/55/63/70/36/360x266/137219845.jpg,https://img10.naventcdn.com/avisos/18/00/55/63/70/36/360x266/137219834.jpg,https://img10.naventcdn.com/avisos/18/00/55/63/70/36/360x266/137219846.jpg,"data:image/png;base64,iVBORw0KGgoAAAANSUhEUgAAAAEAAAABAQMAAAAl21bKAAAAA1BMVEX///+nxBvIAAAACklEQVQI12NgAAAAAgAB4iG8MwAAAABJRU5ErkJggg==",https://img10.naventcdn.com/avisos/18/00/55/63/70/36/360x266/137219838.jpg,https://img10.naventcdn.com/avisos/18/00/55/63/70/36/360x266/137219836.jpg,+ 14,Ver más fotos,https://img10.naventcdn.com/avisos/18/00/55/63/70/36/360x266/137219852.jpg,"
							MN 54,437
						"," Fraccionamiento Club Deportivo, Acapulco de Juárez","
	
		

			

			 
				
					
					237 m²
				
			

			

			

			

			

		

			 
				
			

			

			

			

			

			

		

			

			

			

			

			

			 
				
					
					5
					
						estac.
					
				
			

		

			

			

			

			

			

			

		

			

			

			

			

			

			

		
	
",https://www.inmuebles24.com/propiedades/cad-torre-latina.-oficina-piso-7.-vistas-a-la-bahia-y-55637036.html,"
								Cad Torre Latina. Oficina Piso 7. Vistas a La Bahía y Al Campo de Golf
								","
							Cad Torre Latina - Oficina piso 7. Vistas al campo de golf y a la bahía de Santa Lucía con 5 cajones de estacionamientoSuperficie de oficina 237. 12 m² Superficie de áreas comunes 16. 50 m²Superficie total 253. 62 m²Precio de la renta mensual $54, 437 (Este importe considera todo el piso. Existe la posibilidad de renta por módulos) Costo por metro cuadrado $230Se incluye renta y cuotas de mantenimiento (más el iva correspondiente) Torre Latina, Edificio comercial de 12 niveles, con varias opciones de espacios para las diferentes necesidades, ubicada en el corazón financiero de Acapulco, con vistas a la bahía de Santa Lucía, y al Campo de Golf de Acapulco, con una superficie total de construcción de 2, 956 m². Servicios: Vigilancia Elevador panorámico Estacionamientos con acceso por medio de elevadorCasas Acapulco DiamanteSomos una inmobiliaria que te ayudará a encontrar el mejor inmueble de acuerdo a tus sueños, necesidades y presupuesto. Permite que seamos parte en el proceso de la compra o renta que tienes en mente, dándote la seguridad de que será la mejor oportunidad para operar siempre con transparencia y confiabilidad. Con una atención personalizada, nos ocupamos de que encuentres el inmueble de acuerdo a tus necesidades, acompañándote y asesorándote desde el principio hasta el cierre de la operación. Nuestro compromiso y seriedad, han permitido contar con la confianza de muchos propietarios y clientes que nos hacen día a día la inmobiliaria más confiable de Acapulco. ¡Permite que seamos parte de la realización de tus sueños! Casas Acapulco DiamanteSomos una inmobiliaria que te ayudará a encontrar el mejor inmueble de acuerdo a tus sueños, necesidades y presupuesto. Permite que seamos parte en el proceso de la compra o renta que tienes en mente, dándote la seguridad de que será la mejor oportunidad para operar siempre con transparencia y confiabilidad. Con una atención personalizada, nos ocupamos de que encuentres el inmueble de acuerdo a tus necesidades, acompañándote y asesorándote desde el principio hasta el cierre de la operación. Nuestro compromiso y seriedad, han permitido contar con la confianza de muchos propietarios y clientes que nos hacen día a día la inmobiliaria más confiable de Acapulco. ¡Permite que seamos parte de la realización de tus sueños! 
							
						",https://www.inmuebles24.com/inmobiliarias/casas-acapulco-diamante_50013826-inmuebles.html,https://img10.naventcdn.com/empresas/18/00/50/01/38/26/130x70/logo_casas-acapulco-diamante_2.jpg,,,,,,,,,,,,,,,,,
"
	
		 Icacos 
	
",https://img10.naventcdn.com/avisos/18/00/63/43/01/94/360x266/302370417.jpg,https://img10.naventcdn.com/avisos/18/00/63/43/01/94/360x266/302370406.jpg,https://img10.naventcdn.com/avisos/18/00/63/43/01/94/360x266/302370411.jpg,https://img10.naventcdn.com/avisos/18/00/63/43/01/94/360x266/302370416.jpg,"data:image/png;base64,iVBORw0KGgoAAAANSUhEUgAAAAEAAAABAQMAAAAl21bKAAAAA1BMVEX///+nxBvIAAAACklEQVQI12NgAAAAAgAB4iG8MwAAAABJRU5ErkJggg==",https://img10.naventcdn.com/avisos/18/00/63/43/01/94/360x266/302370408.jpg,https://img10.naventcdn.com/avisos/18/00/63/43/01/94/360x266/302370405.jpg,+ 8,Ver más fotos,https://img10.naventcdn.com/avisos/18/00/63/43/01/94/360x266/302370412.jpg,"
							MN 82,816
						"," Icacos, Acapulco de Juárez","
	
		

			

			 
				
					
					488 m²
				
			

			

			

			

			

		

			 
				
			

			

			

			

			

			

		

			

			

			

			

			

			 
				
					
					2
					
						estac.
					
				
			

		
	
",https://www.inmuebles24.com/propiedades/despacho-excelente-63430194.html,"
								Despacho Excelente
								","
							Piso 4 y 5 en renta. Edificio frente a walmart Icacos, en Av costera Miguel Alemen. Ideal para bufet de abogados, notarias o dependencias de gobierno. Cuenta con estacionamiento subterráneo y elevador. Características: Piso #4. 5 despachos. Zona de usos múltiples. Baños. Bodega. Cocina. Dimenciones: 487. 88m2. Precio de Renta: $200 m2 = $97, 576. 00. Piso #3. 8 despachos pequeños. Baños. Zona de usos múltiples. Dimenciones: 414. 08 m2. Precio de Renta: $200m2 = $82, 816. 00
							
						",https://www.inmuebles24.com/inmobiliarias/corporativo-inmobiliario-acapulco_50233990-inmuebles.html,https://img10.naventcdn.com/empresas/18/00/50/23/39/90/130x70/logo_corporativo-inmobiliario-acapulco_1536349914539.jpg,,,,,,,,,,,,,,,,,
"
	
		COSTERA MIGUEL ALEMAN
	
",,,,,,,,,,,"
							MN 13,000
						"," Acapulco de Juárez, Guerrero","
	
		

			

			 
				
					
					50 m²
				
			

			

			

			

			

		

			 
				
			

			

			

			

			

			

		

			

			

			

			

			 
				
					
					1
					
						baño
					
				
			

			

		

			

			

			

			

			

			

		
	
",https://www.inmuebles24.com/propiedades/oficinas-en-renta-en-exclusiva-plaza-comercial-61316347.html,"
								Oficinas en Renta en Exclusiva Plaza Comercial Acapulco
								","
							Excelentes oficinas en renta, en reconocida Plaza Comercial, con una ubicación priviligiada sobre la Costera Miguel Alemán, a unos metros de la Playa y hoteles, gran movimiento vehicular y de personas. Oficina 50 mtrs2 $13, 000. 00 mensuales. Oficina 200 mtrs2 $50, 000. 00 mensuales. (4) 
							
						",https://www.inmuebles24.com/inmobiliarias/re-max-casavende-acapulco_51037575-inmuebles.html,https://img10.naventcdn.com/listado/RPLISv7.17.0-RC3/images/no-logo.svg,,,,,,,,,,,,,,,,,
"
	
		 Fraccionamiento Club Deportivo 
	
",https://img10.naventcdn.com/avisos/18/00/52/24/85/84/360x266/60822613.jpg,https://img10.naventcdn.com/avisos/18/00/52/24/85/84/360x266/60822614.jpg,https://img10.naventcdn.com/avisos/18/00/52/24/85/84/360x266/60822615.jpg,https://img10.naventcdn.com/avisos/18/00/52/24/85/84/360x266/60822616.jpg,https://img10.naventcdn.com/avisos/18/00/52/24/85/84/360x266/60822617.jpg,https://img10.naventcdn.com/avisos/18/00/52/24/85/84/360x266/60822618.jpg,,,,,"
							MN 25,000
						"," Fraccionamiento Club Deportivo, Acapulco de Juárez","
	
		

			

			 
				
					
					300 m²
				
			

			

			

			

			

		

			 
				
			

			

			

			

			

			

		

			

			

			

			 
				
					
						
							
								
								5 rec.
								
							
						
					
				
			

			

			

		

			

			

			

			

			 
				
					
					3
					
						baños
					
				
			

			

		

			

			

			

			

			

			

		
	
",https://www.inmuebles24.com/propiedades/oficinas-en-renta-la-mejor-zona-corporativa-y-52248584.html,"
								Oficinas en Renta, La Mejor Zona Corporativa y Bancaria de La Costera m. Aleman
								","
							Oficinas en Renta, zona corporativa y bancaria de la Costera Miguel Aleman. Fraccionamiento Club Deportivo Frente al Centro de Convenciones. 300 Metros Cuadrados. 1° Piso. 6 Privados. 2 baños. Sala de Juntas. Recepción
							
						",,,,,,,,,,,,,,,,,,,
"
	
		COSTERA MIGUEL ALEMAN
	
",https://img10.naventcdn.com/avisos/18/00/62/57/78/71/360x266/291350182.jpg,https://img10.naventcdn.com/avisos/18/00/62/57/78/71/360x266/291350189.jpg,https://img10.naventcdn.com/avisos/18/00/62/57/78/71/360x266/291350190.jpg,https://img10.naventcdn.com/avisos/18/00/62/57/78/71/360x266/291350194.jpg,"data:image/png;base64,iVBORw0KGgoAAAANSUhEUgAAAAEAAAABAQMAAAAl21bKAAAAA1BMVEX///+nxBvIAAAACklEQVQI12NgAAAAAgAB4iG8MwAAAABJRU5ErkJggg==",https://img10.naventcdn.com/avisos/18/00/62/57/78/71/360x266/291350180.jpg,https://img10.naventcdn.com/avisos/18/00/62/57/78/71/360x266/291350192.jpg,+ 8,Ver más fotos,https://img10.naventcdn.com/avisos/18/00/62/57/78/71/360x266/291350195.jpg,"
							MN 13,000
						"," Acapulco de Juárez, Guerrero","
	
		

			

			 
				
					
					200 m²
				
			

			

			

			

			

		

			 
				
			

			

			

			

			

			

		

			

			

			

			

			 
				
					
					4
					
						baños
					
				
			

			

		

			

			

			

			

			

			

		
	
",https://www.inmuebles24.com/propiedades/oficina-a-un-costado-centro-de-convenciones-acapulco-62577871.html,"
								Oficina a un Costado Centro de Convenciones Acapulco
								","
							Oficina sobre Costera Miguel Alemán, a un costado del Centro de Convenciones, excelente ubicación primer y segundo piso se renta junto o por separado 100 metros cada piso (4) 
							
						",https://www.inmuebles24.com/inmobiliarias/re-max-casavende-acapulco_51037575-inmuebles.html,https://img10.naventcdn.com/css/img/placeholder-img.png,,,,,,,,,,,,,,,,,
"
	
		Alaminos
	
",https://img10.naventcdn.com/avisos/18/00/63/15/84/66/360x266/295645100.jpg,https://img10.naventcdn.com/avisos/18/00/63/15/84/66/360x266/295645102.jpg,https://img10.naventcdn.com/avisos/18/00/63/15/84/66/360x266/295645107.jpg,https://img10.naventcdn.com/avisos/18/00/63/15/84/66/360x266/295645101.jpg,"data:image/png;base64,iVBORw0KGgoAAAANSUhEUgAAAAEAAAABAQMAAAAl21bKAAAAA1BMVEX///+nxBvIAAAACklEQVQI12NgAAAAAgAB4iG8MwAAAABJRU5ErkJggg==",https://img10.naventcdn.com/avisos/18/00/63/15/84/66/360x266/295645113.jpg,https://img10.naventcdn.com/avisos/18/00/63/15/84/66/360x266/295645103.jpg,+ 2,Ver más fotos,https://img10.naventcdn.com/avisos/18/00/63/15/84/66/360x266/295645106.jpg,"
							MN 10,000
						"," Fraccionamiento Costa Azul, Acapulco de Juárez","
	
		

			

			 
				
					
					63 m²
				
			

			

			

			

			

		

			 
				
			

			

			

			

			

			

		

			

			

			

			

			 
				
					
					1
					
						baño
					
				
			

			

		

			

			

			

			

			

			

		

			

			

			

			

			

			

		
	
",https://www.inmuebles24.com/propiedades/oficina-en-renta-en-costa-azul-acapulco-63158466.html,"
								Oficina en Renta en Costa Azul, Acapulco
								","
							Oficina / consultorio en Costa Azul en Acapulco. 63 m2. planta baja. 2 cubiculos. 1. 5 baños. aire acondicionado. a 1 cuadra de Costera. Incluye agua y mantenimiento. Oficina con derecho a uso de la alberca del condominio. 10, 000 mensual. EasyBroker id: eb-ir2335
							
						",https://www.inmuebles24.com/inmobiliarias/m2-tu-casa-en-acapulco_51218927-inmuebles.html,https://img10.naventcdn.com/css/img/placeholder-img.png,,,,,,,,,,,,,,,,,
"
	
		Costera Miguel Alemán
	
",https://img10.naventcdn.com/avisos/18/00/62/28/51/97/360x266/291349583.jpg,https://img10.naventcdn.com/avisos/18/00/62/28/51/97/360x266/291349597.jpg,https://img10.naventcdn.com/avisos/18/00/62/28/51/97/360x266/291349594.jpg,https://img10.naventcdn.com/avisos/18/00/62/28/51/97/360x266/291349586.jpg,"data:image/png;base64,iVBORw0KGgoAAAANSUhEUgAAAAEAAAABAQMAAAAl21bKAAAAA1BMVEX///+nxBvIAAAACklEQVQI12NgAAAAAgAB4iG8MwAAAABJRU5ErkJggg==",https://img10.naventcdn.com/avisos/18/00/62/28/51/97/360x266/291349593.jpg,https://img10.naventcdn.com/avisos/18/00/62/28/51/97/360x266/291349592.jpg,+ 10,Ver más fotos,https://img10.naventcdn.com/avisos/18/00/62/28/51/97/360x266/291349590.jpg,"
							MN 7,200
						"," Acapulco de Juárez, Guerrero","
	
		

			

			

			

			

			 
				
					
					1
					
						baño
					
				
			

			

		

			

			

			

			

			

			

		
	
",https://www.inmuebles24.com/propiedades/oficinas-en-renta-sobre-costera-miguel-aleman-62285197.html,"
								Oficinas en Renta Sobre Costera Miguel Alemán
								","
							Renta de oficinas de diferentes medidas y precios, en Edificio muy bien ubicado en Costera Miguel Alemán, junto a notarias, bancos, etc. Con elevador y seguridad. Precios desde $7, 200. 00 con 36. 47 mtrs (4) 
							
						",https://www.inmuebles24.com/inmobiliarias/re-max-casavende-acapulco_51037575-inmuebles.html,https://img10.naventcdn.com/css/img/placeholder-img.png,,,,,,,,,,,,,,,,,
"
	
		 Icacos 
	
",https://img10.naventcdn.com/avisos/18/00/63/58/41/78/360x266/305728290.jpg,https://img10.naventcdn.com/avisos/18/00/63/58/41/78/360x266/305728284.jpg,https://img10.naventcdn.com/avisos/18/00/63/58/41/78/360x266/305728285.jpg,https://img10.naventcdn.com/avisos/18/00/63/58/41/78/360x266/305728287.jpg,"data:image/png;base64,iVBORw0KGgoAAAANSUhEUgAAAAEAAAABAQMAAAAl21bKAAAAA1BMVEX///+nxBvIAAAACklEQVQI12NgAAAAAgAB4iG8MwAAAABJRU5ErkJggg==",https://img10.naventcdn.com/avisos/18/00/63/58/41/78/360x266/305728300.jpg,https://img10.naventcdn.com/avisos/18/00/63/58/41/78/360x266/305728302.jpg,+ 11,Ver más fotos,https://img10.naventcdn.com/avisos/18/00/63/58/41/78/360x266/305728286.jpg,"
							MN 82,816
						"," Icacos, Acapulco de Juárez","
	
		

			

			 
				
					
					487 m²
				
			

			

			

			

			

		

			 
				
			

			

			

			

			

			

		

			

			

			

			

			 
				
					
					1
					
						baño
					
				
			

			

		

			

			

			

			

			

			 
				
					
					10
					
						estac.
					
				
			

		

			

			

			

			

			

			

		
	
",https://www.inmuebles24.com/propiedades/pisos-completos-frente-a-wal-mart-icacos-sobre-costera-63584178.html,"
								Pisos Completos Frente a Wal Mart Icacos Sobre Costera
								","
							Piso 4 y 5 en renta. Edificio frente a walmart Icacos, en Av costera Miguel Aleman. Ideal para bufet de abogados, notarias o dependencias de gobierno. Cuenta con estacionamiento subterráneo y elevador. Características: Piso #4. 5 despachos. Zona de usos múltiples. Baños. Bodega. Cocina. Dimenciones: 487. 88m2. Precio de Renta: $200 m2 = $97, 576. 00. Piso #3. 8 despachos pequeños. Baños. Zona de usos múltiples. Dimenciones: 414. 08 m2. Precio de Renta: $200m2 = $82, 816. 00
							
						",https://www.inmuebles24.com/inmobiliarias/corporativo-inmobiliario-acapulco_50233990-inmuebles.html,https://img10.naventcdn.com/empresas/18/00/50/23/39/90/130x70/logo_corporativo-inmobiliario-acapulco_1536349914539.jpg,,,,,,,,,,,,,,,,,
"
	
		Anton de Alaminos
	
",,,,,,,,,,,"
							MN 8,500
						"," Fraccionamiento Costa Azul, Acapulco de Juárez","
	
		

			

			 
				
					
					300 m²
				
			

			

			

			

			

		

			 
				
			

			

			

			

			

			

		

			

			

			

			 
				
					
						
							
								
								3 rec.
								
							
						
					
				
			

			

			

		

			

			

			

			

			 
				
					
					3
					
						baños
					
				
			

			

		

			

			

			

			

			

			 
				
					
					2
					
						estac.
					
				
			

		

			

			

			

			

			

			

		

			

			

			

			

			

			

		
	
",https://www.inmuebles24.com/propiedades/oficinas-con-excelente-ubicacion-61504738.html,"
								Oficinas con Excelente Ubicación
								","
							Renta de oficinas. El Edificio cuenta con planta baja y 4 pisos, los cuales tienen por lo menos 3 oficinas por piso, se pueden rentar por piso, Oficinas privadas o Espacio individual. Este se encuentra ubicado en la calle Antón De Alaminos, a media cuadra de la costera Miguel Alemán, en la colonia Costa Azul, del municipio de Acapulco, Guerrero, muy cerca de escuelas, bancos, tiendas de auto servicio, hoteles, restaurantes, viviendas, etc. Disponibles: Piso 2. -140 m2. -5 privados. -3 baños. -Sala de espera. -Cocina. Piso 3 y 4. -140m2. Cuenta con 3 oficinas y area para sala de Juntas, el area central que se puede dividir con mamparas de acuerdo a las necesidades de quien lo rente, cuenta con un balcón bastante amplio. Wig: poxlv8z
							
						",https://www.inmuebles24.com/inmobiliarias/inversiones-inteligentes_21745-inmuebles.html,https://img10.naventcdn.com/listado/RPLISv7.17.0-RC3/images/no-logo.svg,,,,,,,,,,,,,,,,,
"
	
		 Fraccionamiento Costa Azul 
	
",https://img10.naventcdn.com/avisos/18/00/63/42/07/19/360x266/302100157.jpg,https://img10.naventcdn.com/avisos/18/00/63/42/07/19/360x266/302100159.jpg,https://img10.naventcdn.com/avisos/18/00/63/42/07/19/360x266/302100153.jpg,https://img10.naventcdn.com/avisos/18/00/63/42/07/19/360x266/302100165.jpg,"data:image/png;base64,iVBORw0KGgoAAAANSUhEUgAAAAEAAAABAQMAAAAl21bKAAAAA1BMVEX///+nxBvIAAAACklEQVQI12NgAAAAAgAB4iG8MwAAAABJRU5ErkJggg==",https://img10.naventcdn.com/avisos/18/00/63/42/07/19/360x266/302100156.jpg,https://img10.naventcdn.com/avisos/18/00/63/42/07/19/360x266/302100162.jpg,+ 6,Ver más fotos,https://img10.naventcdn.com/avisos/18/00/63/42/07/19/360x266/302100152.jpg,"
							MN 7,500
						"," Fraccionamiento Costa Azul, Acapulco de Juárez","
	
		

			

			 
				
					
					1000 m²
				
			

			

			

			

			

		

			 
				
			

			

			

			

			

			

		

			

			

			

			 
				
					
						
							
								
								1 rec.
								
							
						
					
				
			

			

			

		

			

			

			

			

			 
				
					
					2
					
						baños
					
				
			

			

		
	
",https://www.inmuebles24.com/propiedades/en-renta-oficinas-equipadas-en-acapulco-a-20-m-de-63420719.html,"
								En Renta Oficinas Equipadas en Acapulco a 20 m de Costera Miguel Aleman
								","
							Ofrezco en renta anual, Oficinas de 12 m2. Amuebladas. Aire acondicionado. Sala de espera de uso comun. Baños para Damas y Caballeros de uso común. Sala de juntas. Ubicacion: Fraccionamiento Costa Azul. A 100 metros de la costera Miguel Alemán a la altura de del edificio Oceanic 2000. Incluido: Suministro agua potable. Luz aparte. Contrato anual. 
							
						",https://www.inmuebles24.com/inmobiliarias/bienes-raices_50244417-inmuebles.html,https://img10.naventcdn.com/empresas/18/00/50/24/44/17/130x70/logo_bienes-raices_1543442449522.jpg,,,,,,,,,,,,,,,,,
"
	
		COSTERA MIGUEL ALEMAN
	
",https://img10.naventcdn.com/avisos/18/00/62/28/51/98/360x266/291349602.jpg,https://img10.naventcdn.com/avisos/18/00/62/28/51/98/360x266/291349604.jpg,https://img10.naventcdn.com/avisos/18/00/62/28/51/98/360x266/291349605.jpg,https://img10.naventcdn.com/avisos/18/00/62/28/51/98/360x266/291349612.jpg,"data:image/png;base64,iVBORw0KGgoAAAANSUhEUgAAAAEAAAABAQMAAAAl21bKAAAAA1BMVEX///+nxBvIAAAACklEQVQI12NgAAAAAgAB4iG8MwAAAABJRU5ErkJggg==",https://img10.naventcdn.com/avisos/18/00/62/28/51/98/360x266/291349610.jpg,https://img10.naventcdn.com/avisos/18/00/62/28/51/98/360x266/291349601.jpg,+ 11,Ver más fotos,https://img10.naventcdn.com/avisos/18/00/62/28/51/98/360x266/291349603.jpg,"
							MN 19,600
						"," Acapulco de Juárez, Guerrero","
	
		

			

			 
				
					
					85 m²
				
			

			

			

			

			

		

			 
				
			

			

			

			

			

			

		

			

			

			

			

			 
				
					
					1
					
						baño
					
				
			

			

		

			

			

			

			

			

			

		
	
",https://www.inmuebles24.com/propiedades/oficinas-en-renta-costera-miguel-aleman-acapulco-62285198.html,"
								Oficinas en Renta Costera Miguel Aleman Acapulco
								","
							Renta de oficinas de diferentes medidas y precios, en Edificio muy bien ubicado en Costera Miguel Alemán, junto a notarias, bancos, etc. Con elevador y seguridad. Precios desde: $8, 500. 00 con 36. 47 mtrs2. $19, 600. 00 con 84. 73 mtrs2. (4) 
							
						",https://www.inmuebles24.com/inmobiliarias/re-max-casavende-acapulco_51037575-inmuebles.html,https://img10.naventcdn.com/css/img/placeholder-img.png,,,,,,,,,,,,,,,,,
"
	
		 Fraccionamiento Costa Azul 
	
",https://img10.naventcdn.com/avisos/18/00/56/88/22/28/360x266/137475754.jpg,https://img10.naventcdn.com/avisos/18/00/56/88/22/28/360x266/137475752.jpg,https://img10.naventcdn.com/avisos/18/00/56/88/22/28/360x266/137475753.jpg,,,,,,,,"
							MN 25,000
						"," Fraccionamiento Costa Azul, Acapulco de Juárez","
	
		

			

			 
				
					
					140 m²
				
			

			

			

			

			

		

			 
				
			

			

			

			

			

			

		

			

			

			

			

			 
				
					
					1
					
						baño
					
				
			

			

		

			

			

			

			

			

			 
				
					
					2
					
						estac.
					
				
			

		

			

			

			

			

			

			

		
	
",https://www.inmuebles24.com/propiedades/lindas-oficinas-en-renta-en-costera-en-zona-dorada-56882228.html,"
								Lindas Oficinas en Renta en Costera en Zona Dorada
								","
							Excelente ubicacion, buenos acabados. elevador. estacionamiento. 140 M2
							
						",,,,,,,,,,,,,,,,,,,
"
	
		COSTERA MIGUEL ALEMAN
	
",https://img10.naventcdn.com/avisos/18/00/62/28/51/99/360x266/291349633.jpg,https://img10.naventcdn.com/avisos/18/00/62/28/51/99/360x266/291349634.jpg,https://img10.naventcdn.com/avisos/18/00/62/28/51/99/360x266/291349632.jpg,https://img10.naventcdn.com/avisos/18/00/62/28/51/99/360x266/291349638.jpg,"data:image/png;base64,iVBORw0KGgoAAAANSUhEUgAAAAEAAAABAQMAAAAl21bKAAAAA1BMVEX///+nxBvIAAAACklEQVQI12NgAAAAAgAB4iG8MwAAAABJRU5ErkJggg==",https://img10.naventcdn.com/avisos/18/00/62/28/51/99/360x266/291349624.jpg,https://img10.naventcdn.com/avisos/18/00/62/28/51/99/360x266/291349636.jpg,+ 14,Ver más fotos,https://img10.naventcdn.com/avisos/18/00/62/28/51/99/360x266/291349627.jpg,"
							MN 58,400
						"," Acapulco de Juárez, Guerrero","
	
		

			

			 
				
					
					254 m²
				
			

			

			

			

			

		

			 
				
			

			

			

			

			

			

		

			

			

			

			

			 
				
					
					1
					
						baño
					
				
			

			

		

			

			

			

			

			

			

		
	
",https://www.inmuebles24.com/propiedades/oficina-comercial-en-renta-62285199.html,"
								Oficina - Comercial en Renta
								","
							Renta de oficinas de diferentes medidas y precios, en Edificio muy bien ubicado en Costera Miguel Alemán, junto a notarias, bancos, etc. Con elevador y seguridad. Se renta un piso completo con 253. 61 mtrs2 (4) 
							
						",https://www.inmuebles24.com/inmobiliarias/re-max-casavende-acapulco_51037575-inmuebles.html,https://img10.naventcdn.com/css/img/placeholder-img.png,,,,,,,,,,,,,,,,,
"
	
		Costera Miguel Aleman
	
",https://img10.naventcdn.com/avisos/18/00/62/96/92/13/360x266/292462256.jpg,https://img10.naventcdn.com/avisos/18/00/62/96/92/13/360x266/292462273.jpg,https://img10.naventcdn.com/avisos/18/00/62/96/92/13/360x266/292462274.jpg,https://img10.naventcdn.com/avisos/18/00/62/96/92/13/360x266/292462271.jpg,"data:image/png;base64,iVBORw0KGgoAAAANSUhEUgAAAAEAAAABAQMAAAAl21bKAAAAA1BMVEX///+nxBvIAAAACklEQVQI12NgAAAAAgAB4iG8MwAAAABJRU5ErkJggg==",https://img10.naventcdn.com/avisos/18/00/62/96/92/13/360x266/292462261.jpg,https://img10.naventcdn.com/avisos/18/00/62/96/92/13/360x266/292462270.jpg,+ 14,Ver más fotos,https://img10.naventcdn.com/avisos/18/00/62/96/92/13/360x266/292462260.jpg,"
							MN 49,500
						"," Acapulco de Juárez, Guerrero","
	
		

			

			 
				
					
					253 m²
				
			

			

			

			

			

		

			 
				
			

			

			

			

			

			

		

			

			

			

			

			 
				
					
					1
					
						baño
					
				
			

			

		
	
",https://www.inmuebles24.com/propiedades/oficina-en-renta-en-club-deportivo-62969213.html,"
								Oficina en Renta en Club Deportivo
								","
							Nocnok id: mx21-lk8758. Renta de oficinas de diferentes medidas y precios, en Edificio muy bien ubicado en Costera Miguel Alemán, junto a notarias, bancos, etc. Con elevador y seguridad. Se renta un piso completo con 253. 61 mtrs2. advertencia: Recuerda que nunca debes dar un anticipo sin validar que esta publicación sea legítima. Nocnok no se hace responsable por la información contenida en los anuncios publicados por los usuarios a través de su sistema. 
							
						",,,,,,,,,,,,,,,,,,,
"
	
		Pabellón costera
	
",https://img10.naventcdn.com/avisos/18/00/61/39/35/71/360x266/263323416.jpg,https://img10.naventcdn.com/avisos/18/00/61/39/35/71/360x266/263323002.jpg,https://img10.naventcdn.com/avisos/18/00/61/39/35/71/360x266/263322239.jpg,https://img10.naventcdn.com/avisos/18/00/61/39/35/71/360x266/263322995.jpg,,,,,,,"
							MN 13,500
						"," Acapulco de Juárez, Guerrero","
	
		

			

			 
				
					
					5000 m²
				
			

			

			

			

			

		

			 
				
			

			

			

			

			

			

		

			

			

			

			

			

			 
				
					
					1
					
						estac.
					
				
			

		
	
",https://www.inmuebles24.com/propiedades/oficina-en-renta-en-costa-azul-61393571.html,"
								Oficina en Renta en Costa Azul
								","
							Nocnok id: mx19-ft5960. Oficina en renta en el interior de la plaza pabellón costera, cuenta con vigilancia muy cerca de centros comerciales, cine y farmacias. Agua y luz aparte. advertencia: Recuerda que nunca debes dar un anticipo sin validar que esta publicación sea legítima. Nocnok no se hace responsable por la información contenida en los anuncios publicados por los usuarios a través de su sistema. 
							
						",,,,,,,,,,,,,,,,,,,
"
	
		Costera Miguel Aleman
	
",https://img10.naventcdn.com/avisos/18/00/62/96/92/15/360x266/292462294.jpg,https://img10.naventcdn.com/avisos/18/00/62/96/92/15/360x266/292462297.jpg,https://img10.naventcdn.com/avisos/18/00/62/96/92/15/360x266/292462304.jpg,https://img10.naventcdn.com/avisos/18/00/62/96/92/15/360x266/292462293.jpg,"data:image/png;base64,iVBORw0KGgoAAAANSUhEUgAAAAEAAAABAQMAAAAl21bKAAAAA1BMVEX///+nxBvIAAAACklEQVQI12NgAAAAAgAB4iG8MwAAAABJRU5ErkJggg==",https://img10.naventcdn.com/avisos/18/00/62/96/92/15/360x266/292462306.jpg,https://img10.naventcdn.com/avisos/18/00/62/96/92/15/360x266/292462290.jpg,+ 11,Ver más fotos,https://img10.naventcdn.com/avisos/18/00/62/96/92/15/360x266/292462299.jpg,"
							MN 16,550
						"," Acapulco de Juárez, Guerrero","
	
		

			

			 
				
					
					84 m²
				
			

			

			

			

			

		

			 
				
			

			

			

			

			

			

		

			

			

			

			

			 
				
					
					1
					
						baño
					
				
			

			

		

			

			

			

			

			

			 
				
					
					1
					
						estac.
					
				
			

		
	
",https://www.inmuebles24.com/propiedades/oficina-en-renta-en-club-deportivo-62969215.html,"
								Oficina en Renta en Club Deportivo
								","
							Nocnok id: mx21-lk8787. Renta de oficinas de diferentes medidas y precios, en Edificio muy bien ubicado en Costera Miguel Alemán, junto a notarias, bancos, etc. Con elevador y seguridad. Precios desde: $7, 200. 00 con 36. 47 mtrs2. $16, 550. 00 con 84. 73 mtrs2. Advertencia: Recuerda que nunca debes dar un anticipo sin validar que esta publicación sea legítima. Nocnok no se hace responsable por la información contenida en los anuncios publicados por los usuarios a través de su sistema. 
							
						",,,,,,,,,,,,,,,,,,,
"
	
		Costera Miguel Aleman
	
",https://img10.naventcdn.com/avisos/18/00/62/96/92/17/360x266/292462336.jpg,https://img10.naventcdn.com/avisos/18/00/62/96/92/17/360x266/292462345.jpg,https://img10.naventcdn.com/avisos/18/00/62/96/92/17/360x266/292462334.jpg,https://img10.naventcdn.com/avisos/18/00/62/96/92/17/360x266/292462341.jpg,"data:image/png;base64,iVBORw0KGgoAAAANSUhEUgAAAAEAAAABAQMAAAAl21bKAAAAA1BMVEX///+nxBvIAAAACklEQVQI12NgAAAAAgAB4iG8MwAAAABJRU5ErkJggg==",https://img10.naventcdn.com/avisos/18/00/62/96/92/17/360x266/292462331.jpg,https://img10.naventcdn.com/avisos/18/00/62/96/92/17/360x266/292462333.jpg,+ 10,Ver más fotos,https://img10.naventcdn.com/avisos/18/00/62/96/92/17/360x266/292462346.jpg,"
							MN 7,200
						"," Acapulco de Juárez, Guerrero","
	
		

			

			 
				
					
					36 m²
				
			

			

			

			

			

		

			 
				
			

			

			

			

			

			

		

			

			

			

			

			 
				
					
					1
					
						baño
					
				
			

			

		

			

			

			

			

			

			 
				
					
					1
					
						estac.
					
				
			

		
	
",https://www.inmuebles24.com/propiedades/oficina-en-renta-en-club-deportivo-62969217.html,"
								Oficina en Renta en Club Deportivo
								","
							Nocnok id: mx21-lk8799. Renta de oficinas de diferentes medidas y precios, en Edificio muy bien ubicado en Costera Miguel Alemán, junto a notarias, bancos, etc. Con elevador y seguridad. Precios desde $7, 200. 00 con 36. 47 mtrs. advertencia: Recuerda que nunca debes dar un anticipo sin validar que esta publicación sea legítima. Nocnok no se hace responsable por la información contenida en los anuncios publicados por los usuarios a través de su sistema. 
							
						",,,,,,,,,,,,,,,,,,,
"
	
		Costera Miguel Aleman
	
",https://img10.naventcdn.com/avisos/18/00/62/96/92/17/360x266/292462336.jpg,https://img10.naventcdn.com/avisos/18/00/62/96/92/17/360x266/292462345.jpg,https://img10.naventcdn.com/avisos/18/00/62/96/92/17/360x266/292462334.jpg,https://img10.naventcdn.com/avisos/18/00/62/96/92/17/360x266/292462341.jpg,"data:image/png;base64,iVBORw0KGgoAAAANSUhEUgAAAAEAAAABAQMAAAAl21bKAAAAA1BMVEX///+nxBvIAAAACklEQVQI12NgAAAAAgAB4iG8MwAAAABJRU5ErkJggg==",https://img10.naventcdn.com/avisos/18/00/62/96/92/17/360x266/292462331.jpg,https://img10.naventcdn.com/avisos/18/00/62/96/92/17/360x266/292462333.jpg,+ 10,Ver más fotos,https://img10.naventcdn.com/avisos/18/00/62/96/92/17/360x266/292462346.jpg,"
							MN 7,200
						"," Acapulco de Juárez, Guerrero","
	
		

			

			 
				
					
					36 m²
				
			

			

			

			

			

		

			 
				
			

			

			

			

			

			

		

			

			

			

			

			 
				
					
					1
					
						baño
					
				
			

			

		

			

			

			

			

			

			 
				
					
					1
					
						estac.
					
				
			

		
	
",https://www.inmuebles24.com/propiedades/oficina-en-renta-en-club-deportivo-62969217.html,"
								Oficina en Renta en Club Deportivo
								","
							Nocnok id: mx21-lk8799. Renta de oficinas de diferentes medidas y precios, en Edificio muy bien ubicado en Costera Miguel Alemán, junto a notarias, bancos, etc. Con elevador y seguridad. Precios desde $7, 200. 00 con 36. 47 mtrs. advertencia: Recuerda que nunca debes dar un anticipo sin validar que esta publicación sea legítima. Nocnok no se hace responsable por la información contenida en los anuncios publicados por los usuarios a través de su sistema. 
							
						",,,"
	
		Avenida Ejido esquina Cerrada de Rio Bravo
	
",https://img10.naventcdn.com/avisos/18/00/62/96/11/88/360x266/292349914.jpg,,,,,,,,,,"
							MN 3,500
						"," Aguas Blancas, Acapulco de Juárez","
	
		

			

			 
				
					
					70 m²
				
			

			

			

			

			

		

			 
				
			

			

			

			

			

			

		
	
",https://www.inmuebles24.com/propiedades/oficina-en-renta-en-aguas-blancas-62961188.html,"
								Oficina en Renta en Aguas Blancas
								","
							Nocnok id: mx21-lq6935. Despacho Aguas Blancas: Renta mensual $3, 500. 00 (Tres mil quinientos pesos 00/100 m. n. ) más iva. Área de Despacho: 70m2. * 5m de ancho por 14m de fondo. * 2. 70m de alto. * Instalación eléctrica bifásica. * Uso de suelo (hm 4/35) P. D. U. Z. M. A. Zona habitacional mixto; apto para la mezcla de usos, en centros y corredores urbanos con comercios y servicios al frente del predio y al fondo o en pisos superiores el uso habitacional. advertencia: Recuerda que nunca debes dar un anticipo sin validar que esta publicación sea legítima. Nocnok no se hace responsable por la información contenida en los anuncios publicados por los usuarios a través de su sistema. 
							
						"
"
	
		Costera Miguel Aleman
	
",https://img10.naventcdn.com/avisos/18/00/62/96/92/17/360x266/292462336.jpg,https://img10.naventcdn.com/avisos/18/00/62/96/92/17/360x266/292462345.jpg,https://img10.naventcdn.com/avisos/18/00/62/96/92/17/360x266/292462334.jpg,https://img10.naventcdn.com/avisos/18/00/62/96/92/17/360x266/292462341.jpg,"data:image/png;base64,iVBORw0KGgoAAAANSUhEUgAAAAEAAAABAQMAAAAl21bKAAAAA1BMVEX///+nxBvIAAAACklEQVQI12NgAAAAAgAB4iG8MwAAAABJRU5ErkJggg==",https://img10.naventcdn.com/avisos/18/00/62/96/92/17/360x266/292462331.jpg,https://img10.naventcdn.com/avisos/18/00/62/96/92/17/360x266/292462333.jpg,+ 10,Ver más fotos,https://img10.naventcdn.com/avisos/18/00/62/96/92/17/360x266/292462346.jpg,"
							MN 7,200
						"," Acapulco de Juárez, Guerrero","
	
		

			

			 
				
					
					36 m²
				
			

			

			

			

			

		

			 
				
			

			

			

			

			

			

		

			

			

			

			

			 
				
					
					1
					
						baño
					
				
			

			

		

			

			

			

			

			

			 
				
					
					1
					
						estac.
					
				
			

		
	
",https://www.inmuebles24.com/propiedades/oficina-en-renta-en-club-deportivo-62969217.html,"
								Oficina en Renta en Club Deportivo
								","
							Nocnok id: mx21-lk8799. Renta de oficinas de diferentes medidas y precios, en Edificio muy bien ubicado en Costera Miguel Alemán, junto a notarias, bancos, etc. Con elevador y seguridad. Precios desde $7, 200. 00 con 36. 47 mtrs. advertencia: Recuerda que nunca debes dar un anticipo sin validar que esta publicación sea legítima. Nocnok no se hace responsable por la información contenida en los anuncios publicados por los usuarios a través de su sistema. 
							
						",,,"
	
		Costera Miguel Aleman
	
",https://img10.naventcdn.com/avisos/18/00/62/96/93/16/360x266/292463769.jpg,https://img10.naventcdn.com/avisos/18/00/62/96/93/16/360x266/292463774.jpg,https://img10.naventcdn.com/avisos/18/00/62/96/93/16/360x266/292463770.jpg,https://img10.naventcdn.com/avisos/18/00/62/96/93/16/360x266/292463767.jpg,"data:image/png;base64,iVBORw0KGgoAAAANSUhEUgAAAAEAAAABAQMAAAAl21bKAAAAA1BMVEX///+nxBvIAAAACklEQVQI12NgAAAAAgAB4iG8MwAAAABJRU5ErkJggg==",https://img10.naventcdn.com/avisos/18/00/62/96/93/16/360x266/292463766.jpg,https://img10.naventcdn.com/avisos/18/00/62/96/93/16/360x266/292463759.jpg,+ 8,Ver más fotos,https://img10.naventcdn.com/avisos/18/00/62/96/93/16/360x266/292463764.jpg,"
							MN 13,000
						"," Acapulco de Juárez, Guerrero","
	
		

			

			 
				
					
					200 m²
				
			

			

			

			

			

		

			 
				
			

			

			

			

			

			

		

			

			

			

			

			 
				
					
					4
					
						baños
					
				
			

			

		

			

			

			

			

			

			 
				
					
					2
					
						estac.
					
				
			

		
	
",https://www.inmuebles24.com/propiedades/oficina-en-renta-en-costa-azul-62969316.html,"
								Oficina en Renta en Costa Azul
								","
							Nocnok id: mx21-ls1471. Oficina sobre Costera Miguel Alemán, a un costado del Centro de Convenciones, excelente ubicación primer y segundo piso se renta junto o por separado 100 metros cada piso. advertencia: Recuerda que nunca debes dar un anticipo sin validar que esta publicación sea legítima. Nocnok no se hace responsable por la información contenida en los anuncios publicados por los usuarios a través de su sistema. 
							
						"
"
	
		Costera Miguel Aleman
	
",https://img10.naventcdn.com/avisos/18/00/62/96/92/17/360x266/292462336.jpg,https://img10.naventcdn.com/avisos/18/00/62/96/92/17/360x266/292462345.jpg,https://img10.naventcdn.com/avisos/18/00/62/96/92/17/360x266/292462334.jpg,https://img10.naventcdn.com/avisos/18/00/62/96/92/17/360x266/292462341.jpg,"data:image/png;base64,iVBORw0KGgoAAAANSUhEUgAAAAEAAAABAQMAAAAl21bKAAAAA1BMVEX///+nxBvIAAAACklEQVQI12NgAAAAAgAB4iG8MwAAAABJRU5ErkJggg==",https://img10.naventcdn.com/avisos/18/00/62/96/92/17/360x266/292462331.jpg,https://img10.naventcdn.com/avisos/18/00/62/96/92/17/360x266/292462333.jpg,+ 10,Ver más fotos,https://img10.naventcdn.com/avisos/18/00/62/96/92/17/360x266/292462346.jpg,"
							MN 7,200
						"," Acapulco de Juárez, Guerrero","
	
		

			

			 
				
					
					36 m²
				
			

			

			

			

			

		

			 
				
			

			

			

			

			

			

		

			

			

			

			

			 
				
					
					1
					
						baño
					
				
			

			

		

			

			

			

			

			

			 
				
					
					1
					
						estac.
					
				
			

		
	
",https://www.inmuebles24.com/propiedades/oficina-en-renta-en-club-deportivo-62969217.html,"
								Oficina en Renta en Club Deportivo
								","
							Nocnok id: mx21-lk8799. Renta de oficinas de diferentes medidas y precios, en Edificio muy bien ubicado en Costera Miguel Alemán, junto a notarias, bancos, etc. Con elevador y seguridad. Precios desde $7, 200. 00 con 36. 47 mtrs. advertencia: Recuerda que nunca debes dar un anticipo sin validar que esta publicación sea legítima. Nocnok no se hace responsable por la información contenida en los anuncios publicados por los usuarios a través de su sistema. 
							
						",,,"
	
		Vasco Núñez de Balboa
	
",https://img10.naventcdn.com/avisos/18/00/62/96/11/89/360x266/292349917.jpg,https://img10.naventcdn.com/avisos/18/00/62/96/11/89/360x266/292349916.jpg,https://img10.naventcdn.com/avisos/18/00/62/96/11/89/360x266/292349915.jpg,,,,,,,,"
							MN 20,000
						"," Hornos, Acapulco de Juárez","
	
		

			

			 
				
					
					122 m²
				
			

			

			

			

			

		

			 
				
			

			

			

			

			

			

		

			

			

			

			

			 
				
					
					1
					
						baño
					
				
			

			

		
	
",https://www.inmuebles24.com/propiedades/oficina-en-renta-en-hornos-62961189.html,"
								Oficina en Renta en Hornos
								","
							Nocnok id: mx21-ls1515. Oficinas parte alta. Área de: 122. 37m2. * 7. 03m fondo x 16. 18m de ancho, más baño 8. 62m. * Piso loseta. * Instalación eléctrica bifásica. * Instalación Hidráulica a pie de calle. * Clima, 4 Aires acondicionados instalados y funcionando. renta mensual $20, 000. 00 (veinte mil pesos 00/100 M. N. )mas iva. contacto: Ver datos. advertencia: Recuerda que nunca debes dar un anticipo sin validar que esta publicación sea legítima. Nocnok no se hace responsable por la información contenida en los anuncios publicados por los usuarios a través de su sistema. 
							
						"
"
	
		Costera Miguel Aleman
	
",https://img10.naventcdn.com/avisos/18/00/62/96/92/17/360x266/292462336.jpg,https://img10.naventcdn.com/avisos/18/00/62/96/92/17/360x266/292462345.jpg,https://img10.naventcdn.com/avisos/18/00/62/96/92/17/360x266/292462334.jpg,https://img10.naventcdn.com/avisos/18/00/62/96/92/17/360x266/292462341.jpg,"data:image/png;base64,iVBORw0KGgoAAAANSUhEUgAAAAEAAAABAQMAAAAl21bKAAAAA1BMVEX///+nxBvIAAAACklEQVQI12NgAAAAAgAB4iG8MwAAAABJRU5ErkJggg==",https://img10.naventcdn.com/avisos/18/00/62/96/92/17/360x266/292462331.jpg,https://img10.naventcdn.com/avisos/18/00/62/96/92/17/360x266/292462333.jpg,+ 10,Ver más fotos,https://img10.naventcdn.com/avisos/18/00/62/96/92/17/360x266/292462346.jpg,"
							MN 7,200
						"," Acapulco de Juárez, Guerrero","
	
		

			

			 
				
					
					36 m²
				
			

			

			

			

			

		

			 
				
			

			

			

			

			

			

		

			

			

			

			

			 
				
					
					1
					
						baño
					
				
			

			

		

			

			

			

			

			

			 
				
					
					1
					
						estac.
					
				
			

		
	
",https://www.inmuebles24.com/propiedades/oficina-en-renta-en-club-deportivo-62969217.html,"
								Oficina en Renta en Club Deportivo
								","
							Nocnok id: mx21-lk8799. Renta de oficinas de diferentes medidas y precios, en Edificio muy bien ubicado en Costera Miguel Alemán, junto a notarias, bancos, etc. Con elevador y seguridad. Precios desde $7, 200. 00 con 36. 47 mtrs. advertencia: Recuerda que nunca debes dar un anticipo sin validar que esta publicación sea legítima. Nocnok no se hace responsable por la información contenida en los anuncios publicados por los usuarios a través de su sistema. 
							
						",,,"
	
		piloto anton
	
",https://img10.naventcdn.com/avisos/18/00/62/97/06/39/360x266/292480396.jpg,https://img10.naventcdn.com/avisos/18/00/62/97/06/39/360x266/292480394.jpg,https://img10.naventcdn.com/avisos/18/00/62/97/06/39/360x266/292480397.jpg,https://img10.naventcdn.com/avisos/18/00/62/97/06/39/360x266/292480398.jpg,https://img10.naventcdn.com/avisos/18/00/62/97/06/39/360x266/292480395.jpg,,,,,,"
							MN 10,000
						"," Acapulco de Juárez, Guerrero","
	
		

			

			 
				
					
					63 m²
				
			

			

			

			

			

		

			 
				
			

			

			

			

			

			

		

			

			

			

			 
				
					
						
							
								
								2 rec.
								
							
						
					
				
			

			

			

		

			

			

			

			

			 
				
					
					2
					
						baños
					
				
			

			

		
	
",https://www.inmuebles24.com/propiedades/oficina-en-renta-en-costa-azul-62970639.html,"
								Oficina en Renta en Costa Azul
								","
							Nocnok id: mx21-lo0085. Oficina / consultorio en Costa Azul en Acapulco. 63 m2. planta baja. 2 cubiculos. 1. 5 baños. aire acondicionado. a 1 cuadra de Costera. advertencia: Recuerda que nunca debes dar un anticipo sin validar que esta publicación sea legítima. Nocnok no se hace responsable por la información contenida en los anuncios publicados por los usuarios a través de su sistema. 
							
						"
"
	
		Costera Miguel Aleman
	
",https://img10.naventcdn.com/avisos/18/00/62/96/92/17/360x266/292462336.jpg,https://img10.naventcdn.com/avisos/18/00/62/96/92/17/360x266/292462345.jpg,https://img10.naventcdn.com/avisos/18/00/62/96/92/17/360x266/292462334.jpg,https://img10.naventcdn.com/avisos/18/00/62/96/92/17/360x266/292462341.jpg,"data:image/png;base64,iVBORw0KGgoAAAANSUhEUgAAAAEAAAABAQMAAAAl21bKAAAAA1BMVEX///+nxBvIAAAACklEQVQI12NgAAAAAgAB4iG8MwAAAABJRU5ErkJggg==",https://img10.naventcdn.com/avisos/18/00/62/96/92/17/360x266/292462331.jpg,https://img10.naventcdn.com/avisos/18/00/62/96/92/17/360x266/292462333.jpg,+ 10,Ver más fotos,https://img10.naventcdn.com/avisos/18/00/62/96/92/17/360x266/292462346.jpg,"
							MN 7,200
						"," Acapulco de Juárez, Guerrero","
	
		

			

			 
				
					
					36 m²
				
			

			

			

			

			

		

			 
				
			

			

			

			

			

			

		

			

			

			

			

			 
				
					
					1
					
						baño
					
				
			

			

		

			

			

			

			

			

			 
				
					
					1
					
						estac.
					
				
			

		
	
",https://www.inmuebles24.com/propiedades/oficina-en-renta-en-club-deportivo-62969217.html,"
								Oficina en Renta en Club Deportivo
								","
							Nocnok id: mx21-lk8799. Renta de oficinas de diferentes medidas y precios, en Edificio muy bien ubicado en Costera Miguel Alemán, junto a notarias, bancos, etc. Con elevador y seguridad. Precios desde $7, 200. 00 con 36. 47 mtrs. advertencia: Recuerda que nunca debes dar un anticipo sin validar que esta publicación sea legítima. Nocnok no se hace responsable por la información contenida en los anuncios publicados por los usuarios a través de su sistema. 
							
						",,,"
	
		VASCO NUÑEZ DE BALBOA
	
",https://img10.naventcdn.com/avisos/18/00/61/38/99/56/360x266/263284502.jpg,https://img10.naventcdn.com/avisos/18/00/61/38/99/56/360x266/263284500.jpg,https://img10.naventcdn.com/avisos/18/00/61/38/99/56/360x266/263285591.jpg,,,,,,,,"
							MN 20,000
						"," Hornos, Acapulco de Juárez","
	
		

			

			 
				
					
					350 m²
				
			

			

			

			

			

		

			 
				
			

			

			

			

			

			

		

			

			

			

			

			 
				
					
					1
					
						baño
					
				
			

			

		
	
",https://www.inmuebles24.com/propiedades/oficina-en-renta-en-hornos-61389956.html,"
								Oficina en Renta en Hornos
								","
							Nocnok id: mx17-dq5631. L0cal renta para oficina 122 M2 en primer piso $ 20, 000. 00 ubicación: vasco nuñes de balboa, col. Hornos. descripción: local para oficina con aires acondicionados, recién remodelado, con una superficie de 122. 37 M2 (con 7. 03 X 16. 08) mas 8. 62 M2 de baños. precio de renta $ 20, 000. 00 mas impuestos. se pide dos depósitos Y un mes de renta por adelantado. Horario de 9 A 6 de la tarde lunes aviernes sabado hasta las 2 de la tarde. Advertencia: Recuerda que nunca debes dar un anticipo sin validar que esta publicación sea legítima. Nocnok no se hace responsable por la información contenida en los anuncios publicados por los usuarios a través de su sistema. 
							
						"
"
	
		Costera Miguel Aleman
	
",https://img10.naventcdn.com/avisos/18/00/62/96/92/17/360x266/292462336.jpg,https://img10.naventcdn.com/avisos/18/00/62/96/92/17/360x266/292462345.jpg,https://img10.naventcdn.com/avisos/18/00/62/96/92/17/360x266/292462334.jpg,https://img10.naventcdn.com/avisos/18/00/62/96/92/17/360x266/292462341.jpg,"data:image/png;base64,iVBORw0KGgoAAAANSUhEUgAAAAEAAAABAQMAAAAl21bKAAAAA1BMVEX///+nxBvIAAAACklEQVQI12NgAAAAAgAB4iG8MwAAAABJRU5ErkJggg==",https://img10.naventcdn.com/avisos/18/00/62/96/92/17/360x266/292462331.jpg,https://img10.naventcdn.com/avisos/18/00/62/96/92/17/360x266/292462333.jpg,+ 10,Ver más fotos,https://img10.naventcdn.com/avisos/18/00/62/96/92/17/360x266/292462346.jpg,"
							MN 7,200
						"," Acapulco de Juárez, Guerrero","
	
		

			

			 
				
					
					36 m²
				
			

			

			

			

			

		

			 
				
			

			

			

			

			

			

		

			

			

			

			

			 
				
					
					1
					
						baño
					
				
			

			

		

			

			

			

			

			

			 
				
					
					1
					
						estac.
					
				
			

		
	
",https://www.inmuebles24.com/propiedades/oficina-en-renta-en-club-deportivo-62969217.html,"
								Oficina en Renta en Club Deportivo
								","
							Nocnok id: mx21-lk8799. Renta de oficinas de diferentes medidas y precios, en Edificio muy bien ubicado en Costera Miguel Alemán, junto a notarias, bancos, etc. Con elevador y seguridad. Precios desde $7, 200. 00 con 36. 47 mtrs. advertencia: Recuerda que nunca debes dar un anticipo sin validar que esta publicación sea legítima. Nocnok no se hace responsable por la información contenida en los anuncios publicados por los usuarios a través de su sistema. 
							
						",,,"
	
		Costera Miguel Aleman
	
",https://img10.naventcdn.com/avisos/18/00/62/96/92/13/360x266/292462256.jpg,https://img10.naventcdn.com/avisos/18/00/62/96/92/13/360x266/292462273.jpg,https://img10.naventcdn.com/avisos/18/00/62/96/92/13/360x266/292462274.jpg,https://img10.naventcdn.com/avisos/18/00/62/96/92/13/360x266/292462271.jpg,"data:image/png;base64,iVBORw0KGgoAAAANSUhEUgAAAAEAAAABAQMAAAAl21bKAAAAA1BMVEX///+nxBvIAAAACklEQVQI12NgAAAAAgAB4iG8MwAAAABJRU5ErkJggg==",https://img10.naventcdn.com/avisos/18/00/62/96/92/13/360x266/292462261.jpg,https://img10.naventcdn.com/avisos/18/00/62/96/92/13/360x266/292462270.jpg,+ 14,Ver más fotos,https://img10.naventcdn.com/avisos/18/00/62/96/92/13/360x266/292462260.jpg,"
							MN 49,500
						"," Acapulco de Juárez, Guerrero","
	
		

			

			 
				
					
					253 m²
				
			

			

			

			

			

		

			 
				
			

			

			

			

			

			

		

			

			

			

			

			 
				
					
					1
					
						baño
					
				
			

			

		
	
",https://www.inmuebles24.com/propiedades/oficina-en-renta-en-club-deportivo-62969213.html,"
								Oficina en Renta en Club Deportivo
								","
							Nocnok id: mx21-lk8758. Renta de oficinas de diferentes medidas y precios, en Edificio muy bien ubicado en Costera Miguel Alemán, junto a notarias, bancos, etc. Con elevador y seguridad. Se renta un piso completo con 253. 61 mtrs2. advertencia: Recuerda que nunca debes dar un anticipo sin validar que esta publicación sea legítima. Nocnok no se hace responsable por la información contenida en los anuncios publicados por los usuarios a través de su sistema. 
							
						"
"
	
		Costera Miguel Aleman
	
",https://img10.naventcdn.com/avisos/18/00/62/96/92/17/360x266/292462336.jpg,https://img10.naventcdn.com/avisos/18/00/62/96/92/17/360x266/292462345.jpg,https://img10.naventcdn.com/avisos/18/00/62/96/92/17/360x266/292462334.jpg,https://img10.naventcdn.com/avisos/18/00/62/96/92/17/360x266/292462341.jpg,"data:image/png;base64,iVBORw0KGgoAAAANSUhEUgAAAAEAAAABAQMAAAAl21bKAAAAA1BMVEX///+nxBvIAAAACklEQVQI12NgAAAAAgAB4iG8MwAAAABJRU5ErkJggg==",https://img10.naventcdn.com/avisos/18/00/62/96/92/17/360x266/292462331.jpg,https://img10.naventcdn.com/avisos/18/00/62/96/92/17/360x266/292462333.jpg,+ 10,Ver más fotos,https://img10.naventcdn.com/avisos/18/00/62/96/92/17/360x266/292462346.jpg,"
							MN 7,200
						"," Acapulco de Juárez, Guerrero","
	
		

			

			 
				
					
					36 m²
				
			

			

			

			

			

		

			 
				
			

			

			

			

			

			

		

			

			

			

			

			 
				
					
					1
					
						baño
					
				
			

			

		

			

			

			

			

			

			 
				
					
					1
					
						estac.
					
				
			

		
	
",https://www.inmuebles24.com/propiedades/oficina-en-renta-en-club-deportivo-62969217.html,"
								Oficina en Renta en Club Deportivo
								","
							Nocnok id: mx21-lk8799. Renta de oficinas de diferentes medidas y precios, en Edificio muy bien ubicado en Costera Miguel Alemán, junto a notarias, bancos, etc. Con elevador y seguridad. Precios desde $7, 200. 00 con 36. 47 mtrs. advertencia: Recuerda que nunca debes dar un anticipo sin validar que esta publicación sea legítima. Nocnok no se hace responsable por la información contenida en los anuncios publicados por los usuarios a través de su sistema. 
							
						",,,"
	
		Pabellón costera
	
",https://img10.naventcdn.com/avisos/18/00/61/39/35/71/360x266/263323416.jpg,https://img10.naventcdn.com/avisos/18/00/61/39/35/71/360x266/263323002.jpg,https://img10.naventcdn.com/avisos/18/00/61/39/35/71/360x266/263322239.jpg,https://img10.naventcdn.com/avisos/18/00/61/39/35/71/360x266/263322995.jpg,,,,,,,"
							MN 13,500
						"," Acapulco de Juárez, Guerrero","
	
		

			

			 
				
					
					5000 m²
				
			

			

			

			

			

		

			 
				
			

			

			

			

			

			

		

			

			

			

			

			

			 
				
					
					1
					
						estac.
					
				
			

		
	
",https://www.inmuebles24.com/propiedades/oficina-en-renta-en-costa-azul-61393571.html,"
								Oficina en Renta en Costa Azul
								","
							Nocnok id: mx19-ft5960. Oficina en renta en el interior de la plaza pabellón costera, cuenta con vigilancia muy cerca de centros comerciales, cine y farmacias. Agua y luz aparte. advertencia: Recuerda que nunca debes dar un anticipo sin validar que esta publicación sea legítima. Nocnok no se hace responsable por la información contenida en los anuncios publicados por los usuarios a través de su sistema. 
							
						"
"
	
		Costera Miguel Aleman
	
",https://img10.naventcdn.com/avisos/18/00/62/96/92/17/360x266/292462336.jpg,https://img10.naventcdn.com/avisos/18/00/62/96/92/17/360x266/292462345.jpg,https://img10.naventcdn.com/avisos/18/00/62/96/92/17/360x266/292462334.jpg,https://img10.naventcdn.com/avisos/18/00/62/96/92/17/360x266/292462341.jpg,"data:image/png;base64,iVBORw0KGgoAAAANSUhEUgAAAAEAAAABAQMAAAAl21bKAAAAA1BMVEX///+nxBvIAAAACklEQVQI12NgAAAAAgAB4iG8MwAAAABJRU5ErkJggg==",https://img10.naventcdn.com/avisos/18/00/62/96/92/17/360x266/292462331.jpg,https://img10.naventcdn.com/avisos/18/00/62/96/92/17/360x266/292462333.jpg,+ 10,Ver más fotos,https://img10.naventcdn.com/avisos/18/00/62/96/92/17/360x266/292462346.jpg,"
							MN 7,200
						"," Acapulco de Juárez, Guerrero","
	
		

			

			 
				
					
					36 m²
				
			

			

			

			

			

		

			 
				
			

			

			

			

			

			

		

			

			

			

			

			 
				
					
					1
					
						baño
					
				
			

			

		

			

			

			

			

			

			 
				
					
					1
					
						estac.
					
				
			

		
	
",https://www.inmuebles24.com/propiedades/oficina-en-renta-en-club-deportivo-62969217.html,"
								Oficina en Renta en Club Deportivo
								","
							Nocnok id: mx21-lk8799. Renta de oficinas de diferentes medidas y precios, en Edificio muy bien ubicado en Costera Miguel Alemán, junto a notarias, bancos, etc. Con elevador y seguridad. Precios desde $7, 200. 00 con 36. 47 mtrs. advertencia: Recuerda que nunca debes dar un anticipo sin validar que esta publicación sea legítima. Nocnok no se hace responsable por la información contenida en los anuncios publicados por los usuarios a través de su sistema. 
							
						",,,"
	
		QUEBRADA
	
",https://img10.naventcdn.com/avisos/18/00/61/39/00/22/360x266/309023693.jpg,https://img10.naventcdn.com/avisos/18/00/61/39/00/22/360x266/309023695.jpg,https://img10.naventcdn.com/avisos/18/00/61/39/00/22/360x266/309023692.jpg,https://img10.naventcdn.com/avisos/18/00/61/39/00/22/360x266/309023694.jpg,https://img10.naventcdn.com/avisos/18/00/61/39/00/22/360x266/309023696.jpg,https://img10.naventcdn.com/avisos/18/00/61/39/00/22/360x266/309023691.jpg,,,,,"
							MN 43,000
						"," Acapulco de Juárez Centro, Acapulco de Juárez","
	
		

			

			 
				
					
					344 m²
				
			

			

			

			

			

		

			 
				
			

			

			

			

			

			

		

			

			

			

			 
				
					
						
							
								
								1 rec.
								
							
						
					
				
			

			

			

		

			

			

			

			

			 
				
					
					1
					
						baño
					
				
			

			

		
	
",https://www.inmuebles24.com/propiedades/oficina-en-renta-en-acapulco-de-juarez-centro-61390022.html,"
								Oficina en Renta en Acapulco de Juarez Centro
								","
							Nocnok id: mx21-kj3048. Local para oficinas O consultorios de 344 M2 $43, 000. 00 mas iva ($49, 880. 00) ubicación: calle quebrada centro. descripción: local para oficinas O consultorios en primer piso con baño. -piso cerámico de tráfico pesado. -uso de suelo mixto. contrato por año. , . Nota: recién remodelado. Requisitos de arrendatario. persona física: * identificación con fotografía (ife) * comprobante de domicilio. *copia del registró federal de contribuyentes. *dos depositos en garantia equivalente A dos pagos. de un mes de renta. *un depósito en garantia equivalente A un pago. de una renta pagada por anticipado. *un mes de renta corriente. *para efectos de firma de contrato se debe. realizar en presencia de los interesados. (arrendador Y arrendatario) firmando E. imprimiendo la huella. • declaracion anual del año anterior. • pago de licencia de funcionamiento. (dentro de los primeros 3 meses de apertura del negocio) • no antecedentes penales. • obligado solidario (aval copia de ife Y comprobante de domicilio) persona moral: *copia certificada de acta constitutiva. *copia certificada de poder notarial (vigente) *identificacion de los representantes legales (ife) *copia de la constancia de situacion fiscal (registro federal de contribuyente) actualizada. *contrato de un año. *dos depositos en garantia equivalente A dos pagos. de un mes de renta (sin iva). Por posibles daños. *una renta pagada por anticipado más iva. Como garantía por algún atraso. *un mes de renta corriente. *para efectos de firma de contrato se debe. realizar en presencia de los interesados. (arrendador Y arrendatario) firmando E. imprimiendo la huella. *3 referencias comerciales. * póliza de responsabilidad civil con cobertura de arrendatario. cobertura mínima de 2 millones de pesos. • declaracion anual del año anterior. • pago de licencia de funcionamiento. (dentro los primeros 3 meses de apertura del negocio) • no antecedentes penales. • obligado solidario (aval copia de ife Y comprobante de domicilio) advertencia: Recuerda que nunca debes dar un anticipo sin validar que esta publicación sea legítima. Nocnok no se hace responsable por la información contenida en los anuncios publicados por los usuarios a través de su sistema. 
							
						"