Título,Imagen,Imagen1,Imagen2,Imagen3,Imagen4,Imagen5,Info,Info6,Imagen7,postingpills,Precio,Localización,Palabras_clave,gotoposting_URL,gotoposting,Descripción,publisherlogo_URL,Imagen8
"
	
		Blvrd. de las Naciones 1730, la Poza
	
",https://img10.naventcdn.com/avisos/18/00/55/70/81/31/360x266/137225354.jpg,https://img10.naventcdn.com/avisos/18/00/55/70/81/31/360x266/137225353.jpg,https://img10.naventcdn.com/avisos/18/00/55/70/81/31/360x266/137225358.jpg,https://img10.naventcdn.com/avisos/18/00/55/70/81/31/360x266/137225363.jpg,https://img10.naventcdn.com/avisos/18/00/55/70/81/31/360x266/137225368.jpg,https://img10.naventcdn.com/avisos/18/00/55/70/81/31/360x266/137225362.jpg,+ 9,Ver más fotos,https://img10.naventcdn.com/avisos/18/00/55/70/81/31/360x266/137225355.jpg,Destacado,"
							MN 24,000,000
						"," Barrio La Poza, Acapulco de Juárez","
	
		

			

			 
				
					
					1500 m²
				
			

			

			

			

			

		

			 
				
			

			

			

			

			

			

		
	
",https://www.inmuebles24.com/propiedades/cad-plaza-1730-magnifica-ubicacion.-dos-niveles-55708131.html,"
								Cad Plaza 1730 Magnífica Ubicación. Dos Niveles
								","
							Cad Plaza 1730. Dos niveles, inmejorable ubicaciónSuperficie de terreno 1, 500 m²Superficie de construcción 1, 500 m²50 metros de fondo con 30 metros de frente sobre Blvrd. De las NacionesPrecio de venta $24, 000, 000 Costo por m² $16, 000Plaza 1730, está ubicada sobre el Boulevard de Las Naciones, la avenida que va desde el Aeropuerto internacional de Acapulco y hasta la carretera escénica, se encuentra a un paso de La Isla Shopping Village y está rodeada de fraccionamientos y condominios de vivienda media y residencial. Sin duda Acapulco Diamante es la zona de mayor crecimiento y plusvalía de todo el Estado de Guerrero y Plaza 1730, está ubicada en el corazón de esta importante zona de desarrollo. Plaza 1730, es una plaza abierta y muy lucidora de dos niveles, con tres grandes módulos, con la posibilidad de adecuar los espacios tanto para plaza comercial, oficina, corporativo, tiendas, etc. Casas Acapulco DiamanteSomos una inmobiliaria que te ayudará a encontrar el mejor inmueble de acuerdo a tus sueños, necesidades y presupuesto. Permite que seamos parte en el proceso de la compra o renta que tienes en mente, dándote la seguridad de que será la mejor oportunidad para operar siempre con transparencia y confiabilidad. Con una atención personalizada, nos ocupamos de que encuentres el inmueble de acuerdo a tus necesidades, acompañándote y asesorándote desde el principio hasta el cierre de la operación. Nuestro compromiso y seriedad, han permitido contar con la confianza de muchos propietarios y clientes que nos hacen día a día la inmobiliaria más confiable de Acapulco. ¡Permite que seamos parte de la realización de tus sueños! Casas Acapulco DiamanteSomos una inmobiliaria que te ayudará a encontrar el mejor inmueble de acuerdo a tus sueños, necesidades y presupuesto. Permite que seamos parte en el proceso de la compra o renta que tienes en mente, dándote la seguridad de que será la mejor oportunidad para operar siempre con transparencia y confiabilidad. Con una atención personalizada, nos ocupamos de que encuentres el inmueble de acuerdo a tus necesidades, acompañándote y asesorándote desde el principio hasta el cierre de la operación. Nuestro compromiso y seriedad, han permitido contar con la confianza de muchos propietarios y clientes que nos hacen día a día la inmobiliaria más confiable de Acapulco. ¡Permite que seamos parte de la realización de tus sueños! 
							
						",https://www.inmuebles24.com/inmobiliarias/casas-acapulco-diamante_50013826-inmuebles.html,https://img10.naventcdn.com/empresas/18/00/50/01/38/26/130x70/logo_casas-acapulco-diamante_2.jpg
"
	
		CAD Torre Latina. Oficina Piso 9. Vista al Mar. 5 Estacionamientos
	
",https://img10.naventcdn.com/avisos/18/00/55/63/67/52/360x266/137217018.jpg,https://img10.naventcdn.com/avisos/18/00/55/63/67/52/360x266/137217003.jpg,https://img10.naventcdn.com/avisos/18/00/55/63/67/52/360x266/137217019.jpg,https://img10.naventcdn.com/avisos/18/00/55/63/67/52/360x266/137217007.jpg,https://img10.naventcdn.com/avisos/18/00/55/63/67/52/360x266/137217004.jpg,https://img10.naventcdn.com/avisos/18/00/55/63/67/52/360x266/137217012.jpg,+ 13,Ver más fotos,https://img10.naventcdn.com/avisos/18/00/55/63/67/52/360x266/137217017.jpg,Destacado,"
							USD 355,215
						"," Fraccionamiento Club Deportivo, Acapulco de Juárez","
	
		

			

			 
				
					
					237 m²
				
			

			

			

			

			

		

			 
				
			

			

			

			

			

			

		

			

			

			

			

			

			 
				
					
					5
					
						estac.
					
				
			

		

			

			

			

			

			

			

		

			

			

			

			

			

			

		
	
",https://www.inmuebles24.com/propiedades/cad-torre-latina.-oficina-piso-9.-vista-al-mar.-5-55636752.html,"
								Cad Torre Latina. Oficina Piso 9. Vista Al Mar. 5 Estacionamientos
								","
							Cad Torre Latina - Oficina piso 9. Vistas al campo de golf y a la bahía de Santa Lucía con 5 cajones de estacionamientoSuperficie de oficina 237. 12 m² Superficie de áreas comunes 16. 50 m²Superficie total 253. 62 m²Precio de venta $355, 215 usd (Este importe considera todo el piso) Costo por metro cuadrado $1, 500 usdcuota mensual de mantenimiento $11, 328Torre Latina, Edificio comercial de 12 niveles, con varias opciones de espacios para las diferentes necesidades, ubicada en el corazón financiero de Acapulco, con vistas a la bahía de Santa Lucía, y al Campo de Golf de Acapulco, con una superficie total de construcción de 2, 956 m². Servicios: Vigilancia Elevador panorámico Estacionamientos con acceso por medio de elevadorCasas Acapulco DiamanteSomos una inmobiliaria que te ayudará a encontrar el mejor inmueble de acuerdo a tus sueños, necesidades y presupuesto. Permite que seamos parte en el proceso de la compra o renta que tienes en mente, dándote la seguridad de que será la mejor oportunidad para operar siempre con transparencia y confiabilidad. Con una atención personalizada, nos ocupamos de que encuentres el inmueble de acuerdo a tus necesidades, acompañándote y asesorándote desde el principio hasta el cierre de la operación. Nuestro compromiso y seriedad, han permitido contar con la confianza de muchos propietarios y clientes que nos hacen día a día la inmobiliaria más confiable de Acapulco. ¡Permite que seamos parte de la realización de tus sueños! Casas Acapulco DiamanteSomos una inmobiliaria que te ayudará a encontrar el mejor inmueble de acuerdo a tus sueños, necesidades y presupuesto. Permite que seamos parte en el proceso de la compra o renta que tienes en mente, dándote la seguridad de que será la mejor oportunidad para operar siempre con transparencia y confiabilidad. Con una atención personalizada, nos ocupamos de que encuentres el inmueble de acuerdo a tus necesidades, acompañándote y asesorándote desde el principio hasta el cierre de la operación. Nuestro compromiso y seriedad, han permitido contar con la confianza de muchos propietarios y clientes que nos hacen día a día la inmobiliaria más confiable de Acapulco. ¡Permite que seamos parte de la realización de tus sueños! 
							
						",https://www.inmuebles24.com/inmobiliarias/casas-acapulco-diamante_50013826-inmuebles.html,https://img10.naventcdn.com/empresas/18/00/50/01/38/26/130x70/logo_casas-acapulco-diamante_2.jpg
"
	
		Av. Costera Miguel Alemán 2611
	
",https://img10.naventcdn.com/avisos/18/00/55/63/69/33/360x266/137218998.jpg,https://img10.naventcdn.com/avisos/18/00/55/63/69/33/360x266/137218997.jpg,https://img10.naventcdn.com/avisos/18/00/55/63/69/33/360x266/137219001.jpg,https://img10.naventcdn.com/avisos/18/00/55/63/69/33/360x266/137218992.jpg,https://img10.naventcdn.com/avisos/18/00/55/63/69/33/360x266/137218982.jpg,https://img10.naventcdn.com/avisos/18/00/55/63/69/33/360x266/137218995.jpg,+ 14,Ver más fotos,https://img10.naventcdn.com/avisos/18/00/55/63/69/33/360x266/137218985.jpg,Destacado,"
							USD 355,215
						"," Fraccionamiento Club Deportivo, Acapulco de Juárez","
	
		

			

			 
				
					
					237 m²
				
			

			

			

			

			

		

			 
				
			

			

			

			

			

			

		

			

			

			

			

			

			 
				
					
					5
					
						estac.
					
				
			

		

			

			

			

			

			

			

		

			

			

			

			

			

			

		
	
",https://www.inmuebles24.com/propiedades/cad-torre-latina.-oficina-piso-7.-vista-al-campo-de-55636933.html,"
								Cad Torre Latina. Oficina Piso 7. Vista Al Campo de Golf y a La Bahía
								","
							Cad Torre Latina - Oficina piso 7. Vistas al campo de golf y a la bahía de Santa Lucía con 5 cajones de estacionamientoSuperficie de oficina 237. 12 m² Superficie de áreas comunes 16. 50 m²Superficie total 253. 62 m²Precio de Venta $355, 215 usd (Este importe considera todo el piso) Costo por metro cuadrado $1, 500 usdcuota mensual de mantenimiento $11, 328Torre Latina, Edificio comercial de 12 niveles, con varias opciones de espacios para las diferentes necesidades, ubicada en el corazón financiero de Acapulco, con vistas a la bahía de Santa Lucía, y al Campo de Golf de Acapulco, con una superficie total de construcción de 2, 956 m². Servicios: Vigilancia Elevador panorámico Estacionamientos con acceso por medio de elevadorCasas Acapulco DiamanteSomos una inmobiliaria que te ayudará a encontrar el mejor inmueble de acuerdo a tus sueños, necesidades y presupuesto. Permite que seamos parte en el proceso de la compra o renta que tienes en mente, dándote la seguridad de que será la mejor oportunidad para operar siempre con transparencia y confiabilidad. Con una atención personalizada, nos ocupamos de que encuentres el inmueble de acuerdo a tus necesidades, acompañándote y asesorándote desde el principio hasta el cierre de la operación. Nuestro compromiso y seriedad, han permitido contar con la confianza de muchos propietarios y clientes que nos hacen día a día la inmobiliaria más confiable de Acapulco. ¡Permite que seamos parte de la realización de tus sueños! Casas Acapulco DiamanteSomos una inmobiliaria que te ayudará a encontrar el mejor inmueble de acuerdo a tus sueños, necesidades y presupuesto. Permite que seamos parte en el proceso de la compra o renta que tienes en mente, dándote la seguridad de que será la mejor oportunidad para operar siempre con transparencia y confiabilidad. Con una atención personalizada, nos ocupamos de que encuentres el inmueble de acuerdo a tus necesidades, acompañándote y asesorándote desde el principio hasta el cierre de la operación. Nuestro compromiso y seriedad, han permitido contar con la confianza de muchos propietarios y clientes que nos hacen día a día la inmobiliaria más confiable de Acapulco. ¡Permite que seamos parte de la realización de tus sueños! 
							
						",https://www.inmuebles24.com/inmobiliarias/casas-acapulco-diamante_50013826-inmuebles.html,https://img10.naventcdn.com/empresas/18/00/50/01/38/26/130x70/logo_casas-acapulco-diamante_2.jpg
"
	
		CAD Torre Latina. Oficina Piso 6. Vistas al Campo de Golf y al mar
	
",https://img10.naventcdn.com/avisos/18/00/55/63/70/56/360x266/137220254.jpg,https://img10.naventcdn.com/avisos/18/00/55/63/70/56/360x266/137220249.jpg,https://img10.naventcdn.com/avisos/18/00/55/63/70/56/360x266/137220252.jpg,https://img10.naventcdn.com/avisos/18/00/55/63/70/56/360x266/137220243.jpg,https://img10.naventcdn.com/avisos/18/00/55/63/70/56/360x266/137220248.jpg,https://img10.naventcdn.com/avisos/18/00/55/63/70/56/360x266/137220245.jpg,+ 9,Ver más fotos,https://img10.naventcdn.com/avisos/18/00/55/63/70/56/360x266/137220247.jpg,Destacado,"
							USD 355,215
						"," Fraccionamiento Club Deportivo, Acapulco de Juárez","
	
		

			

			 
				
					
					236 m²
				
			

			

			

			

			

		

			 
				
			

			

			

			

			

			

		

			

			

			

			

			

			 
				
					
					5
					
						estac.
					
				
			

		

			

			

			

			

			

			

		
	
",https://www.inmuebles24.com/propiedades/cad-torre-latina.-oficina-piso-6.-vistas-al-campo-de-55637056.html,"
								Cad Torre Latina. Oficina Piso 6. Vistas Al Campo de Golf y Al Mar
								","
							Cad Torre Latina - Oficina piso 6. Vistas al campo de golf y a la bahía de Santa Lucía con 5 cajones de estacionamientoLas áreas privativas son: Superficie de oficina 236. 81 m² Superficie de áreas comunes 16. 50 m²Superficie total 253. 31 m²Precio de venta $355, 215 usd (Este importe considera todo el piso) Costo por metro cuadrado $1, 500 usdcuota mensual de mantenimiento $11, 328Torre Latina, Edificio comercial de 12 niveles, con varias opciones de espacios para las diferentes necesidades, ubicada en el corazón financiero de Acapulco, con vistas a la bahía de Santa Lucía, y al Campo de Golf de Acapulco, con una superficie total de construcción de 2, 956 m². Servicios: Vigilancia Elevador panorámico Estacionamientos con acceso por medio de elevadorCasas Acapulco DiamanteSomos una inmobiliaria que te ayudará a encontrar el mejor inmueble de acuerdo a tus sueños, necesidades y presupuesto. Permite que seamos parte en el proceso de la compra o renta que tienes en mente, dándote la seguridad de que será la mejor oportunidad para operar siempre con transparencia y confiabilidad. Con una atención personalizada, nos ocupamos de que encuentres el inmueble de acuerdo a tus necesidades, acompañándote y asesorándote desde el principio hasta el cierre de la operación. Nuestro compromiso y seriedad, han permitido contar con la confianza de muchos propietarios y clientes que nos hacen día a día la inmobiliaria más confiable de Acapulco. ¡Permite que seamos parte de la realización de tus sueños! Casas Acapulco DiamanteSomos una inmobiliaria que te ayudará a encontrar el mejor inmueble de acuerdo a tus sueños, necesidades y presupuesto. Permite que seamos parte en el proceso de la compra o renta que tienes en mente, dándote la seguridad de que será la mejor oportunidad para operar siempre con transparencia y confiabilidad. Con una atención personalizada, nos ocupamos de que encuentres el inmueble de acuerdo a tus necesidades, acompañándote y asesorándote desde el principio hasta el cierre de la operación. Nuestro compromiso y seriedad, han permitido contar con la confianza de muchos propietarios y clientes que nos hacen día a día la inmobiliaria más confiable de Acapulco. ¡Permite que seamos parte de la realización de tus sueños! 
							
						",https://www.inmuebles24.com/inmobiliarias/casas-acapulco-diamante_50013826-inmuebles.html,https://img10.naventcdn.com/empresas/18/00/50/01/38/26/130x70/logo_casas-acapulco-diamante_2.jpg
"
	
		Comandante Baresford
	
",https://img10.naventcdn.com/avisos/18/00/63/15/84/88/360x266/295645351.jpg,https://img10.naventcdn.com/avisos/18/00/63/15/84/88/360x266/295645359.jpg,https://img10.naventcdn.com/avisos/18/00/63/15/84/88/360x266/295645352.jpg,https://img10.naventcdn.com/avisos/18/00/63/15/84/88/360x266/295645357.jpg,https://img10.naventcdn.com/avisos/18/00/63/15/84/88/360x266/295645353.jpg,https://img10.naventcdn.com/avisos/18/00/63/15/84/88/360x266/295645356.jpg,+ 2,Ver más fotos,https://img10.naventcdn.com/avisos/18/00/63/15/84/88/360x266/295645358.jpg,,"
							MN 2,240,000
						"," Fraccionamiento Costa Azul, Acapulco de Juárez","
	
		

			

			 
				
					
					118 m²
				
			

			

			

			

			

		

			 
				
			

			

			

			

			

			

		

			

			

			

			

			 
				
					
					2
					
						baños
					
				
			

			

		

			

			

			

			

			

			 
				
					
					1
					
						estac.
					
				
			

		
	
",https://www.inmuebles24.com/propiedades/oficina-en-preventa-en-costa-azul-63158488.html,"
								Oficina en Preventa en Costa Azul
								","
							Oficina en primer piso en preventa. Ubicadas en Costa Azul. 118 metros. 1 estacionamiento. Capacidad para 2 cubículos. 2 baños. Elevador. Aprovecha los precios de preventa!!. EasyBroker id: eb-iu2479
							
						",https://www.inmuebles24.com/inmobiliarias/m2-tu-casa-en-acapulco_51218927-inmuebles.html,https://img10.naventcdn.com/css/img/placeholder-img.png
"
	
		Oficina en Venta
	
",https://img10.naventcdn.com/avisos/18/00/62/39/71/65/360x266/282135917.jpg,https://img10.naventcdn.com/avisos/18/00/62/39/71/65/360x266/282135884.jpg,https://img10.naventcdn.com/avisos/18/00/62/39/71/65/360x266/282135878.jpg,https://img10.naventcdn.com/avisos/18/00/62/39/71/65/360x266/282135895.jpg,https://img10.naventcdn.com/avisos/18/00/62/39/71/65/360x266/282135863.jpg,https://img10.naventcdn.com/avisos/18/00/62/39/71/65/360x266/282135891.jpg,,,https://img10.naventcdn.com/avisos/18/00/62/39/71/65/360x266/282135864.jpg,,"
							MN 1,290,000
						"," Acapulco de Juárez Centro, Acapulco de Juárez","
	
		

			

			

			

			

			

			

		
	
",https://www.inmuebles24.com/propiedades/oficina-en-venta-62397165.html,"
								Oficina en Venta
								","
							Terra Mar Bienes Raíces AcapulcoVenta-Renta-Administración& ConstrucciónVende oficina, ubicada en zona Tradicional Zona: Tradicional Fracc/ Colonia: Centro Características: -Primer piso -140 mts2Precio de venta: $1, 290, 000. 00 m. n ( A tratar) contáctanos Acapulco: Ver datos 484-68-65 Ver datos 484-73- 78 Ver datos 158-18- Facebook: Terra Mar Acapulco
							
						",https://www.inmuebles24.com/inmobiliarias/terramar-consultores-inmobiliarios-del-pacifico_148299-inmuebles.html,https://img10.naventcdn.com/empresas/18/00/00/14/82/99/130x70/logo_terramar-consultores-inmobiliarios-del-pacifico.jpg
"
	
		Av Costera Miguel Alemán
	
",https://img10.naventcdn.com/avisos/18/00/59/59/35/91/360x266/268083840.jpg,https://img10.naventcdn.com/avisos/18/00/59/59/35/91/360x266/268083831.jpg,https://img10.naventcdn.com/avisos/18/00/59/59/35/91/360x266/268083838.jpg,https://img10.naventcdn.com/avisos/18/00/59/59/35/91/360x266/268083850.jpg,https://img10.naventcdn.com/avisos/18/00/59/59/35/91/360x266/268083844.jpg,https://img10.naventcdn.com/avisos/18/00/59/59/35/91/360x266/268083855.jpg,+ 9,Ver más fotos,https://img10.naventcdn.com/avisos/18/00/59/59/35/91/360x266/268083837.jpg,,"
							MN 5,881,852
						"," Fraccionamiento Club Deportivo, Acapulco de Juárez","
	
		
	
",https://www.inmuebles24.com/propiedades/oficinas-en-venta-desde-$749-961.83-en-acapulco-59593591.html,"
								Oficinas en Venta Desde $749,961.83 en Acapulco
								","
							Venta de oficinas en Torre Latina. Ubicada en el corazón financiero de Acapulco. Diseñada expresamente para oficinas con superficies ajustables por nivel de acuerdo a sus necesidades. Desde 30 hasta 250 m2 por nivel. El mejor lugar para invertir en tu negocio con gran presencia y plusvalía, única en el puerto. Con vista hacia el mar o el club de golf. Cuenta con vigilancia, elevador panorámico y estacionamientos reservados por cada espacio. Piso Tres: Oficina 88. 48 m2 = $968, 310. 72. Estacionamiento 1 y 2: 15. 77 m2 = $357, 185. 01 c/u. Estacionamiento 3 y 4: 16. 19 m2 = $366, 697. 00 c/u. Estacionamiento 5 y 6: 17. 83 m2 =$403, 839. 06 c/u. Estacionamiento 7: 17. 58 m2 = $398, 177. 16. Piso Cuatro: Oficina 38. 48 m2= $968, 310. 72. Estacionamiento 1 y 2: 16. 48 m2 = $373, 167. 74 c/u. Estacionamiento 3 y 4: 16. 90 m2 = $382, 679. 73 c/u. Estacionamiento 5 y 6: 18. 54 m2 =$419, 821. 80 c/u. Estacionamiento 7: 18. 29 m2 = $414, 159. 90. Piso Cinco: Oficina 1: 43 m2 = $1, 091, 598. 70. Oficina 3: 100. 78 m2 = $2, 535, 966. 24. Oficina 4: 108. 28 m2 = $2, 724, 835. 22. Piso Seis: Oficina 1: 37. 17 m2= $935, 345. 88. Oficina 4: 91. 05 m2= $2, 291, 182. 20. Piso Siete: Oficina 1: 39. 84 m2 = $1, 002, 599. 74. Oficina 2: 29. 80 m2 = $750, 000. 33. Oficina 3: 124. 99 m2 = $3, 145, 188. 77. Oficina 4: 115. 68 m2 = $2, 920, 868. 28. Piso Ocho: Oficina 1: 40 m2 = $1, 006, 440. 75. Oficina 2: 29. 80 m2 = $749, 961. 83. Oficina 3: 124. 97 m2 = $3, 144, 749. 42. Oficina 4: 115. 66 m2 = $2, 910, 479. 36. Total M2 para venta: Oficinas y estacionamientos: 1, 317. 64 m2 = $Ver datos. EasyBroker id: eb-fy6738
							
						",https://www.inmuebles24.com/inmobiliarias/grupo-ocho-expertos-inmobiliarios_50882181-inmuebles.html,https://img10.naventcdn.com/empresas/18/00/50/88/21/81/130x70/logo_grupo8_1596233597930.jpg
"
	
		COSTA AZUL
	
",https://img10.naventcdn.com/avisos/18/00/61/06/50/77/360x266/291348393.jpg,https://img10.naventcdn.com/avisos/18/00/61/06/50/77/360x266/291348401.jpg,https://img10.naventcdn.com/avisos/18/00/61/06/50/77/360x266/291348391.jpg,https://img10.naventcdn.com/avisos/18/00/61/06/50/77/360x266/291348402.jpg,https://img10.naventcdn.com/avisos/18/00/61/06/50/77/360x266/291348392.jpg,https://img10.naventcdn.com/avisos/18/00/61/06/50/77/360x266/291348398.jpg,+ 5,Ver más fotos,https://img10.naventcdn.com/avisos/18/00/61/06/50/77/360x266/291348395.jpg,,"
							MN 3,800,000
						"," Acapulco de Juárez, Guerrero","
	
		

			

			 
				
					
					95 m²
				
			

			

			

			

			

		

			 
				
			

			

			

			

			

			

		

			

			

			

			

			 
				
					
					4
					
						baños
					
				
			

			

		

			

			

			

			

			

			 
				
					
					4
					
						estac.
					
				
			

		

			

			

			

			

			

			

		
	
",https://www.inmuebles24.com/propiedades/casa-oficina-en-costa-azul-ideal-para-corporativo-en-61065077.html,"
								Casa - Oficina en Costa Azul Ideal Para Corporativo en Acapulco
								","
							Magnifica Casa con uso comercial, oficina corporativa de 3 niveles de construcción. Con excelentes acabados, 4 cajones de estacionamiento techado. Todo un piso de área administrativa. Comedor para empleados. 4 baños. 3 oficina para jefe de área. 1 oficina presidencia con bar. Sistema de seguridad. Aires acondicionados. Bodega. Conozcala, única en su tipo, pertenece a un condominio, pero por régimen de condominio puede ser usada como oficina o como casa habitación. No paga mantenimiento al no compartir áreas comunes. (4) 
							
						",https://www.inmuebles24.com/inmobiliarias/re-max-casavende-acapulco_51037575-inmuebles.html,https://img10.naventcdn.com/css/img/placeholder-img.png
"
	
		sn
	
",https://img10.naventcdn.com/avisos/18/00/63/78/20/12/360x266/309098713.jpg,https://img10.naventcdn.com/avisos/18/00/63/78/20/12/360x266/309098709.jpg,https://img10.naventcdn.com/avisos/18/00/63/78/20/12/360x266/309098712.jpg,https://img10.naventcdn.com/avisos/18/00/63/78/20/12/360x266/309098702.jpg,https://img10.naventcdn.com/avisos/18/00/63/78/20/12/360x266/309098711.jpg,https://img10.naventcdn.com/avisos/18/00/63/78/20/12/360x266/309098701.jpg,+ 4,Ver más fotos,https://img10.naventcdn.com/avisos/18/00/63/78/20/12/360x266/309098691.jpg,,"
							MN 3,500,000
						"," Hornos, Acapulco de Juárez","
	
		

			

			 
				
					
					110 m²
				
			

			

			

			

			

		

			 
				
			

			

			

			

			

			

		

			

			

			

			

			 
				
					
					2
					
						baños
					
				
			

			

		
	
",https://www.inmuebles24.com/propiedades/consultorio-en-venta-en-hornos-63782012.html,"
								Consultorio en Venta en Hornos
								","
							Nocnok id: mx22-mp9352. Consultorio de 110 m2, totalmente equipado con mobiliario y empotrados, 2 lavabos un baño y un medio baño, recepción, sala de espera para 8 personas, 6 cubículos, pequeña bodega de servicio, consultorio con cubículo privado, Precio de Venta $ 3, 500, 000. 00. Incluye todo menos aparatos. Citas con un día de anticipación de 10: 00 am a 2: 00 pm. advertencia: Recuerda que nunca debes dar un anticipo sin validar que esta publicación sea legítima. Nocnok no se hace responsable por la información contenida en los anuncios publicados por los usuarios a través de su sistema. 
							
						",,
"
	
		Blvrd. de las Naciones 1730, la Poza
	
",https://img10.naventcdn.com/avisos/18/00/55/70/81/31/360x266/137225353.jpg,https://img10.naventcdn.com/avisos/18/00/55/70/81/31/360x266/137225353.jpg,https://img10.naventcdn.com/avisos/18/00/55/70/81/31/360x266/137225358.jpg,https://img10.naventcdn.com/avisos/18/00/55/70/81/31/360x266/137225363.jpg,https://img10.naventcdn.com/avisos/18/00/55/70/81/31/360x266/137225368.jpg,https://img10.naventcdn.com/avisos/18/00/55/70/81/31/360x266/137225362.jpg,+ 9,Ver más fotos,https://img10.naventcdn.com/avisos/18/00/55/70/81/31/360x266/137225355.jpg,Destacado,"
							MN 24,000,000
						"," Barrio La Poza, Acapulco de Juárez","
	
		

			

			 
				
					
					1500 m²
				
			

			

			

			

			

		

			 
				
			

			

			

			

			

			

		
	
",https://www.inmuebles24.com/propiedades/cad-plaza-1730-magnifica-ubicacion.-dos-niveles-55708131.html,"
								Cad Plaza 1730 Magnífica Ubicación. Dos Niveles
								","
							Cad Plaza 1730. Dos niveles, inmejorable ubicaciónSuperficie de terreno 1, 500 m²Superficie de construcción 1, 500 m²50 metros de fondo con 30 metros de frente sobre Blvrd. De las NacionesPrecio de venta $24, 000, 000 Costo por m² $16, 000Plaza 1730, está ubicada sobre el Boulevard de Las Naciones, la avenida que va desde el Aeropuerto internacional de Acapulco y hasta la carretera escénica, se encuentra a un paso de La Isla Shopping Village y está rodeada de fraccionamientos y condominios de vivienda media y residencial. Sin duda Acapulco Diamante es la zona de mayor crecimiento y plusvalía de todo el Estado de Guerrero y Plaza 1730, está ubicada en el corazón de esta importante zona de desarrollo. Plaza 1730, es una plaza abierta y muy lucidora de dos niveles, con tres grandes módulos, con la posibilidad de adecuar los espacios tanto para plaza comercial, oficina, corporativo, tiendas, etc. Casas Acapulco DiamanteSomos una inmobiliaria que te ayudará a encontrar el mejor inmueble de acuerdo a tus sueños, necesidades y presupuesto. Permite que seamos parte en el proceso de la compra o renta que tienes en mente, dándote la seguridad de que será la mejor oportunidad para operar siempre con transparencia y confiabilidad. Con una atención personalizada, nos ocupamos de que encuentres el inmueble de acuerdo a tus necesidades, acompañándote y asesorándote desde el principio hasta el cierre de la operación. Nuestro compromiso y seriedad, han permitido contar con la confianza de muchos propietarios y clientes que nos hacen día a día la inmobiliaria más confiable de Acapulco. ¡Permite que seamos parte de la realización de tus sueños! Casas Acapulco DiamanteSomos una inmobiliaria que te ayudará a encontrar el mejor inmueble de acuerdo a tus sueños, necesidades y presupuesto. Permite que seamos parte en el proceso de la compra o renta que tienes en mente, dándote la seguridad de que será la mejor oportunidad para operar siempre con transparencia y confiabilidad. Con una atención personalizada, nos ocupamos de que encuentres el inmueble de acuerdo a tus necesidades, acompañándote y asesorándote desde el principio hasta el cierre de la operación. Nuestro compromiso y seriedad, han permitido contar con la confianza de muchos propietarios y clientes que nos hacen día a día la inmobiliaria más confiable de Acapulco. ¡Permite que seamos parte de la realización de tus sueños! 
							
						",https://www.inmuebles24.com/inmobiliarias/casas-acapulco-diamante_50013826-inmuebles.html,https://img10.naventcdn.com/empresas/18/00/50/01/38/26/130x70/logo_casas-acapulco-diamante_2.jpg
"
	
		Blvrd. de las Naciones 1730, la Poza
	
",https://img10.naventcdn.com/avisos/18/00/55/70/81/31/360x266/137225358.jpg,https://img10.naventcdn.com/avisos/18/00/55/70/81/31/360x266/137225353.jpg,https://img10.naventcdn.com/avisos/18/00/55/70/81/31/360x266/137225358.jpg,https://img10.naventcdn.com/avisos/18/00/55/70/81/31/360x266/137225363.jpg,https://img10.naventcdn.com/avisos/18/00/55/70/81/31/360x266/137225368.jpg,https://img10.naventcdn.com/avisos/18/00/55/70/81/31/360x266/137225362.jpg,+ 9,Ver más fotos,https://img10.naventcdn.com/avisos/18/00/55/70/81/31/360x266/137225355.jpg,Destacado,"
							MN 24,000,000
						"," Barrio La Poza, Acapulco de Juárez","
	
		

			

			 
				
					
					1500 m²
				
			

			

			

			

			

		

			 
				
			

			

			

			

			

			

		
	
",https://www.inmuebles24.com/propiedades/cad-plaza-1730-magnifica-ubicacion.-dos-niveles-55708131.html,"
								Cad Plaza 1730 Magnífica Ubicación. Dos Niveles
								","
							Cad Plaza 1730. Dos niveles, inmejorable ubicaciónSuperficie de terreno 1, 500 m²Superficie de construcción 1, 500 m²50 metros de fondo con 30 metros de frente sobre Blvrd. De las NacionesPrecio de venta $24, 000, 000 Costo por m² $16, 000Plaza 1730, está ubicada sobre el Boulevard de Las Naciones, la avenida que va desde el Aeropuerto internacional de Acapulco y hasta la carretera escénica, se encuentra a un paso de La Isla Shopping Village y está rodeada de fraccionamientos y condominios de vivienda media y residencial. Sin duda Acapulco Diamante es la zona de mayor crecimiento y plusvalía de todo el Estado de Guerrero y Plaza 1730, está ubicada en el corazón de esta importante zona de desarrollo. Plaza 1730, es una plaza abierta y muy lucidora de dos niveles, con tres grandes módulos, con la posibilidad de adecuar los espacios tanto para plaza comercial, oficina, corporativo, tiendas, etc. Casas Acapulco DiamanteSomos una inmobiliaria que te ayudará a encontrar el mejor inmueble de acuerdo a tus sueños, necesidades y presupuesto. Permite que seamos parte en el proceso de la compra o renta que tienes en mente, dándote la seguridad de que será la mejor oportunidad para operar siempre con transparencia y confiabilidad. Con una atención personalizada, nos ocupamos de que encuentres el inmueble de acuerdo a tus necesidades, acompañándote y asesorándote desde el principio hasta el cierre de la operación. Nuestro compromiso y seriedad, han permitido contar con la confianza de muchos propietarios y clientes que nos hacen día a día la inmobiliaria más confiable de Acapulco. ¡Permite que seamos parte de la realización de tus sueños! Casas Acapulco DiamanteSomos una inmobiliaria que te ayudará a encontrar el mejor inmueble de acuerdo a tus sueños, necesidades y presupuesto. Permite que seamos parte en el proceso de la compra o renta que tienes en mente, dándote la seguridad de que será la mejor oportunidad para operar siempre con transparencia y confiabilidad. Con una atención personalizada, nos ocupamos de que encuentres el inmueble de acuerdo a tus necesidades, acompañándote y asesorándote desde el principio hasta el cierre de la operación. Nuestro compromiso y seriedad, han permitido contar con la confianza de muchos propietarios y clientes que nos hacen día a día la inmobiliaria más confiable de Acapulco. ¡Permite que seamos parte de la realización de tus sueños! 
							
						",https://www.inmuebles24.com/inmobiliarias/casas-acapulco-diamante_50013826-inmuebles.html,https://img10.naventcdn.com/empresas/18/00/50/01/38/26/130x70/logo_casas-acapulco-diamante_2.jpg
"
	
		Blvrd. de las Naciones 1730, la Poza
	
",https://img10.naventcdn.com/avisos/18/00/55/70/81/31/360x266/137225363.jpg,https://img10.naventcdn.com/avisos/18/00/55/70/81/31/360x266/137225353.jpg,https://img10.naventcdn.com/avisos/18/00/55/70/81/31/360x266/137225358.jpg,https://img10.naventcdn.com/avisos/18/00/55/70/81/31/360x266/137225363.jpg,https://img10.naventcdn.com/avisos/18/00/55/70/81/31/360x266/137225368.jpg,https://img10.naventcdn.com/avisos/18/00/55/70/81/31/360x266/137225362.jpg,+ 9,Ver más fotos,https://img10.naventcdn.com/avisos/18/00/55/70/81/31/360x266/137225355.jpg,Destacado,"
							MN 24,000,000
						"," Barrio La Poza, Acapulco de Juárez","
	
		

			

			 
				
					
					1500 m²
				
			

			

			

			

			

		

			 
				
			

			

			

			

			

			

		
	
",https://www.inmuebles24.com/propiedades/cad-plaza-1730-magnifica-ubicacion.-dos-niveles-55708131.html,"
								Cad Plaza 1730 Magnífica Ubicación. Dos Niveles
								","
							Cad Plaza 1730. Dos niveles, inmejorable ubicaciónSuperficie de terreno 1, 500 m²Superficie de construcción 1, 500 m²50 metros de fondo con 30 metros de frente sobre Blvrd. De las NacionesPrecio de venta $24, 000, 000 Costo por m² $16, 000Plaza 1730, está ubicada sobre el Boulevard de Las Naciones, la avenida que va desde el Aeropuerto internacional de Acapulco y hasta la carretera escénica, se encuentra a un paso de La Isla Shopping Village y está rodeada de fraccionamientos y condominios de vivienda media y residencial. Sin duda Acapulco Diamante es la zona de mayor crecimiento y plusvalía de todo el Estado de Guerrero y Plaza 1730, está ubicada en el corazón de esta importante zona de desarrollo. Plaza 1730, es una plaza abierta y muy lucidora de dos niveles, con tres grandes módulos, con la posibilidad de adecuar los espacios tanto para plaza comercial, oficina, corporativo, tiendas, etc. Casas Acapulco DiamanteSomos una inmobiliaria que te ayudará a encontrar el mejor inmueble de acuerdo a tus sueños, necesidades y presupuesto. Permite que seamos parte en el proceso de la compra o renta que tienes en mente, dándote la seguridad de que será la mejor oportunidad para operar siempre con transparencia y confiabilidad. Con una atención personalizada, nos ocupamos de que encuentres el inmueble de acuerdo a tus necesidades, acompañándote y asesorándote desde el principio hasta el cierre de la operación. Nuestro compromiso y seriedad, han permitido contar con la confianza de muchos propietarios y clientes que nos hacen día a día la inmobiliaria más confiable de Acapulco. ¡Permite que seamos parte de la realización de tus sueños! Casas Acapulco DiamanteSomos una inmobiliaria que te ayudará a encontrar el mejor inmueble de acuerdo a tus sueños, necesidades y presupuesto. Permite que seamos parte en el proceso de la compra o renta que tienes en mente, dándote la seguridad de que será la mejor oportunidad para operar siempre con transparencia y confiabilidad. Con una atención personalizada, nos ocupamos de que encuentres el inmueble de acuerdo a tus necesidades, acompañándote y asesorándote desde el principio hasta el cierre de la operación. Nuestro compromiso y seriedad, han permitido contar con la confianza de muchos propietarios y clientes que nos hacen día a día la inmobiliaria más confiable de Acapulco. ¡Permite que seamos parte de la realización de tus sueños! 
							
						",https://www.inmuebles24.com/inmobiliarias/casas-acapulco-diamante_50013826-inmuebles.html,https://img10.naventcdn.com/empresas/18/00/50/01/38/26/130x70/logo_casas-acapulco-diamante_2.jpg
"
	
		Blvrd. de las Naciones 1730, la Poza
	
",https://img10.naventcdn.com/avisos/18/00/55/70/81/31/360x266/137225361.jpg,https://img10.naventcdn.com/avisos/18/00/55/70/81/31/360x266/137225353.jpg,https://img10.naventcdn.com/avisos/18/00/55/70/81/31/360x266/137225358.jpg,https://img10.naventcdn.com/avisos/18/00/55/70/81/31/360x266/137225363.jpg,https://img10.naventcdn.com/avisos/18/00/55/70/81/31/360x266/137225368.jpg,https://img10.naventcdn.com/avisos/18/00/55/70/81/31/360x266/137225362.jpg,+ 9,Ver más fotos,https://img10.naventcdn.com/avisos/18/00/55/70/81/31/360x266/137225355.jpg,Destacado,"
							MN 24,000,000
						"," Barrio La Poza, Acapulco de Juárez","
	
		

			

			 
				
					
					1500 m²
				
			

			

			

			

			

		

			 
				
			

			

			

			

			

			

		
	
",https://www.inmuebles24.com/propiedades/cad-plaza-1730-magnifica-ubicacion.-dos-niveles-55708131.html,"
								Cad Plaza 1730 Magnífica Ubicación. Dos Niveles
								","
							Cad Plaza 1730. Dos niveles, inmejorable ubicaciónSuperficie de terreno 1, 500 m²Superficie de construcción 1, 500 m²50 metros de fondo con 30 metros de frente sobre Blvrd. De las NacionesPrecio de venta $24, 000, 000 Costo por m² $16, 000Plaza 1730, está ubicada sobre el Boulevard de Las Naciones, la avenida que va desde el Aeropuerto internacional de Acapulco y hasta la carretera escénica, se encuentra a un paso de La Isla Shopping Village y está rodeada de fraccionamientos y condominios de vivienda media y residencial. Sin duda Acapulco Diamante es la zona de mayor crecimiento y plusvalía de todo el Estado de Guerrero y Plaza 1730, está ubicada en el corazón de esta importante zona de desarrollo. Plaza 1730, es una plaza abierta y muy lucidora de dos niveles, con tres grandes módulos, con la posibilidad de adecuar los espacios tanto para plaza comercial, oficina, corporativo, tiendas, etc. Casas Acapulco DiamanteSomos una inmobiliaria que te ayudará a encontrar el mejor inmueble de acuerdo a tus sueños, necesidades y presupuesto. Permite que seamos parte en el proceso de la compra o renta que tienes en mente, dándote la seguridad de que será la mejor oportunidad para operar siempre con transparencia y confiabilidad. Con una atención personalizada, nos ocupamos de que encuentres el inmueble de acuerdo a tus necesidades, acompañándote y asesorándote desde el principio hasta el cierre de la operación. Nuestro compromiso y seriedad, han permitido contar con la confianza de muchos propietarios y clientes que nos hacen día a día la inmobiliaria más confiable de Acapulco. ¡Permite que seamos parte de la realización de tus sueños! Casas Acapulco DiamanteSomos una inmobiliaria que te ayudará a encontrar el mejor inmueble de acuerdo a tus sueños, necesidades y presupuesto. Permite que seamos parte en el proceso de la compra o renta que tienes en mente, dándote la seguridad de que será la mejor oportunidad para operar siempre con transparencia y confiabilidad. Con una atención personalizada, nos ocupamos de que encuentres el inmueble de acuerdo a tus necesidades, acompañándote y asesorándote desde el principio hasta el cierre de la operación. Nuestro compromiso y seriedad, han permitido contar con la confianza de muchos propietarios y clientes que nos hacen día a día la inmobiliaria más confiable de Acapulco. ¡Permite que seamos parte de la realización de tus sueños! 
							
						",https://www.inmuebles24.com/inmobiliarias/casas-acapulco-diamante_50013826-inmuebles.html,https://img10.naventcdn.com/empresas/18/00/50/01/38/26/130x70/logo_casas-acapulco-diamante_2.jpg
"
	
		Blvrd. de las Naciones 1730, la Poza
	
",https://img10.naventcdn.com/avisos/18/00/55/70/81/31/360x266/137225368.jpg,https://img10.naventcdn.com/avisos/18/00/55/70/81/31/360x266/137225353.jpg,https://img10.naventcdn.com/avisos/18/00/55/70/81/31/360x266/137225358.jpg,https://img10.naventcdn.com/avisos/18/00/55/70/81/31/360x266/137225363.jpg,https://img10.naventcdn.com/avisos/18/00/55/70/81/31/360x266/137225368.jpg,https://img10.naventcdn.com/avisos/18/00/55/70/81/31/360x266/137225362.jpg,+ 9,Ver más fotos,https://img10.naventcdn.com/avisos/18/00/55/70/81/31/360x266/137225355.jpg,Destacado,"
							MN 24,000,000
						"," Barrio La Poza, Acapulco de Juárez","
	
		

			

			 
				
					
					1500 m²
				
			

			

			

			

			

		

			 
				
			

			

			

			

			

			

		
	
",https://www.inmuebles24.com/propiedades/cad-plaza-1730-magnifica-ubicacion.-dos-niveles-55708131.html,"
								Cad Plaza 1730 Magnífica Ubicación. Dos Niveles
								","
							Cad Plaza 1730. Dos niveles, inmejorable ubicaciónSuperficie de terreno 1, 500 m²Superficie de construcción 1, 500 m²50 metros de fondo con 30 metros de frente sobre Blvrd. De las NacionesPrecio de venta $24, 000, 000 Costo por m² $16, 000Plaza 1730, está ubicada sobre el Boulevard de Las Naciones, la avenida que va desde el Aeropuerto internacional de Acapulco y hasta la carretera escénica, se encuentra a un paso de La Isla Shopping Village y está rodeada de fraccionamientos y condominios de vivienda media y residencial. Sin duda Acapulco Diamante es la zona de mayor crecimiento y plusvalía de todo el Estado de Guerrero y Plaza 1730, está ubicada en el corazón de esta importante zona de desarrollo. Plaza 1730, es una plaza abierta y muy lucidora de dos niveles, con tres grandes módulos, con la posibilidad de adecuar los espacios tanto para plaza comercial, oficina, corporativo, tiendas, etc. Casas Acapulco DiamanteSomos una inmobiliaria que te ayudará a encontrar el mejor inmueble de acuerdo a tus sueños, necesidades y presupuesto. Permite que seamos parte en el proceso de la compra o renta que tienes en mente, dándote la seguridad de que será la mejor oportunidad para operar siempre con transparencia y confiabilidad. Con una atención personalizada, nos ocupamos de que encuentres el inmueble de acuerdo a tus necesidades, acompañándote y asesorándote desde el principio hasta el cierre de la operación. Nuestro compromiso y seriedad, han permitido contar con la confianza de muchos propietarios y clientes que nos hacen día a día la inmobiliaria más confiable de Acapulco. ¡Permite que seamos parte de la realización de tus sueños! Casas Acapulco DiamanteSomos una inmobiliaria que te ayudará a encontrar el mejor inmueble de acuerdo a tus sueños, necesidades y presupuesto. Permite que seamos parte en el proceso de la compra o renta que tienes en mente, dándote la seguridad de que será la mejor oportunidad para operar siempre con transparencia y confiabilidad. Con una atención personalizada, nos ocupamos de que encuentres el inmueble de acuerdo a tus necesidades, acompañándote y asesorándote desde el principio hasta el cierre de la operación. Nuestro compromiso y seriedad, han permitido contar con la confianza de muchos propietarios y clientes que nos hacen día a día la inmobiliaria más confiable de Acapulco. ¡Permite que seamos parte de la realización de tus sueños! 
							
						",https://www.inmuebles24.com/inmobiliarias/casas-acapulco-diamante_50013826-inmuebles.html,https://img10.naventcdn.com/empresas/18/00/50/01/38/26/130x70/logo_casas-acapulco-diamante_2.jpg
"
	
		Blvrd. de las Naciones 1730, la Poza
	
",https://img10.naventcdn.com/avisos/18/00/55/70/81/31/360x266/137225362.jpg,https://img10.naventcdn.com/avisos/18/00/55/70/81/31/360x266/137225353.jpg,https://img10.naventcdn.com/avisos/18/00/55/70/81/31/360x266/137225358.jpg,https://img10.naventcdn.com/avisos/18/00/55/70/81/31/360x266/137225363.jpg,https://img10.naventcdn.com/avisos/18/00/55/70/81/31/360x266/137225368.jpg,https://img10.naventcdn.com/avisos/18/00/55/70/81/31/360x266/137225362.jpg,+ 9,Ver más fotos,https://img10.naventcdn.com/avisos/18/00/55/70/81/31/360x266/137225355.jpg,Destacado,"
							MN 24,000,000
						"," Barrio La Poza, Acapulco de Juárez","
	
		

			

			 
				
					
					1500 m²
				
			

			

			

			

			

		

			 
				
			

			

			

			

			

			

		
	
",https://www.inmuebles24.com/propiedades/cad-plaza-1730-magnifica-ubicacion.-dos-niveles-55708131.html,"
								Cad Plaza 1730 Magnífica Ubicación. Dos Niveles
								","
							Cad Plaza 1730. Dos niveles, inmejorable ubicaciónSuperficie de terreno 1, 500 m²Superficie de construcción 1, 500 m²50 metros de fondo con 30 metros de frente sobre Blvrd. De las NacionesPrecio de venta $24, 000, 000 Costo por m² $16, 000Plaza 1730, está ubicada sobre el Boulevard de Las Naciones, la avenida que va desde el Aeropuerto internacional de Acapulco y hasta la carretera escénica, se encuentra a un paso de La Isla Shopping Village y está rodeada de fraccionamientos y condominios de vivienda media y residencial. Sin duda Acapulco Diamante es la zona de mayor crecimiento y plusvalía de todo el Estado de Guerrero y Plaza 1730, está ubicada en el corazón de esta importante zona de desarrollo. Plaza 1730, es una plaza abierta y muy lucidora de dos niveles, con tres grandes módulos, con la posibilidad de adecuar los espacios tanto para plaza comercial, oficina, corporativo, tiendas, etc. Casas Acapulco DiamanteSomos una inmobiliaria que te ayudará a encontrar el mejor inmueble de acuerdo a tus sueños, necesidades y presupuesto. Permite que seamos parte en el proceso de la compra o renta que tienes en mente, dándote la seguridad de que será la mejor oportunidad para operar siempre con transparencia y confiabilidad. Con una atención personalizada, nos ocupamos de que encuentres el inmueble de acuerdo a tus necesidades, acompañándote y asesorándote desde el principio hasta el cierre de la operación. Nuestro compromiso y seriedad, han permitido contar con la confianza de muchos propietarios y clientes que nos hacen día a día la inmobiliaria más confiable de Acapulco. ¡Permite que seamos parte de la realización de tus sueños! Casas Acapulco DiamanteSomos una inmobiliaria que te ayudará a encontrar el mejor inmueble de acuerdo a tus sueños, necesidades y presupuesto. Permite que seamos parte en el proceso de la compra o renta que tienes en mente, dándote la seguridad de que será la mejor oportunidad para operar siempre con transparencia y confiabilidad. Con una atención personalizada, nos ocupamos de que encuentres el inmueble de acuerdo a tus necesidades, acompañándote y asesorándote desde el principio hasta el cierre de la operación. Nuestro compromiso y seriedad, han permitido contar con la confianza de muchos propietarios y clientes que nos hacen día a día la inmobiliaria más confiable de Acapulco. ¡Permite que seamos parte de la realización de tus sueños! 
							
						",https://www.inmuebles24.com/inmobiliarias/casas-acapulco-diamante_50013826-inmuebles.html,https://img10.naventcdn.com/empresas/18/00/50/01/38/26/130x70/logo_casas-acapulco-diamante_2.jpg
"
	
		Blvrd. de las Naciones 1730, la Poza
	
",,https://img10.naventcdn.com/avisos/18/00/55/70/81/31/360x266/137225353.jpg,https://img10.naventcdn.com/avisos/18/00/55/70/81/31/360x266/137225358.jpg,https://img10.naventcdn.com/avisos/18/00/55/70/81/31/360x266/137225363.jpg,https://img10.naventcdn.com/avisos/18/00/55/70/81/31/360x266/137225368.jpg,https://img10.naventcdn.com/avisos/18/00/55/70/81/31/360x266/137225362.jpg,+ 9,Ver más fotos,https://img10.naventcdn.com/avisos/18/00/55/70/81/31/360x266/137225355.jpg,Destacado,"
							MN 24,000,000
						"," Barrio La Poza, Acapulco de Juárez","
	
		

			

			 
				
					
					1500 m²
				
			

			

			

			

			

		

			 
				
			

			

			

			

			

			

		
	
",https://www.inmuebles24.com/propiedades/cad-plaza-1730-magnifica-ubicacion.-dos-niveles-55708131.html,"
								Cad Plaza 1730 Magnífica Ubicación. Dos Niveles
								","
							Cad Plaza 1730. Dos niveles, inmejorable ubicaciónSuperficie de terreno 1, 500 m²Superficie de construcción 1, 500 m²50 metros de fondo con 30 metros de frente sobre Blvrd. De las NacionesPrecio de venta $24, 000, 000 Costo por m² $16, 000Plaza 1730, está ubicada sobre el Boulevard de Las Naciones, la avenida que va desde el Aeropuerto internacional de Acapulco y hasta la carretera escénica, se encuentra a un paso de La Isla Shopping Village y está rodeada de fraccionamientos y condominios de vivienda media y residencial. Sin duda Acapulco Diamante es la zona de mayor crecimiento y plusvalía de todo el Estado de Guerrero y Plaza 1730, está ubicada en el corazón de esta importante zona de desarrollo. Plaza 1730, es una plaza abierta y muy lucidora de dos niveles, con tres grandes módulos, con la posibilidad de adecuar los espacios tanto para plaza comercial, oficina, corporativo, tiendas, etc. Casas Acapulco DiamanteSomos una inmobiliaria que te ayudará a encontrar el mejor inmueble de acuerdo a tus sueños, necesidades y presupuesto. Permite que seamos parte en el proceso de la compra o renta que tienes en mente, dándote la seguridad de que será la mejor oportunidad para operar siempre con transparencia y confiabilidad. Con una atención personalizada, nos ocupamos de que encuentres el inmueble de acuerdo a tus necesidades, acompañándote y asesorándote desde el principio hasta el cierre de la operación. Nuestro compromiso y seriedad, han permitido contar con la confianza de muchos propietarios y clientes que nos hacen día a día la inmobiliaria más confiable de Acapulco. ¡Permite que seamos parte de la realización de tus sueños! Casas Acapulco DiamanteSomos una inmobiliaria que te ayudará a encontrar el mejor inmueble de acuerdo a tus sueños, necesidades y presupuesto. Permite que seamos parte en el proceso de la compra o renta que tienes en mente, dándote la seguridad de que será la mejor oportunidad para operar siempre con transparencia y confiabilidad. Con una atención personalizada, nos ocupamos de que encuentres el inmueble de acuerdo a tus necesidades, acompañándote y asesorándote desde el principio hasta el cierre de la operación. Nuestro compromiso y seriedad, han permitido contar con la confianza de muchos propietarios y clientes que nos hacen día a día la inmobiliaria más confiable de Acapulco. ¡Permite que seamos parte de la realización de tus sueños! 
							
						",https://www.inmuebles24.com/inmobiliarias/casas-acapulco-diamante_50013826-inmuebles.html,https://img10.naventcdn.com/empresas/18/00/50/01/38/26/130x70/logo_casas-acapulco-diamante_2.jpg